EVENT,URL,DATE,LOCATION
UFC Fight Night: Royval vs. Taira,http://ufcstats.com/event-details/5bdcbd8dd681a257,2024-10-12,"Las Vegas, Nevada, USA"
UFC 307: Pereira vs. Rountree Jr.,http://ufcstats.com/event-details/eee8efec7b951d84,2024-10-05,"Salt Lake City, Utah, USA"
UFC Fight Night: Moicano vs. Saint Denis,http://ufcstats.com/event-details/079488710f012779,2024-09-28,"Paris, Ile-de-France, France"
UFC 306: Riyadh Season Noche UFC,http://ufcstats.com/event-details/0c01568b1ac77bff,2024-09-14,"Las Vegas, Nevada, USA"
UFC Fight Night: Burns vs. Brady,http://ufcstats.com/event-details/ee0b69e307c857e5,2024-09-07,"Las Vegas, Nevada, USA"
UFC Fight Night: Cannonier vs. Borralho,http://ufcstats.com/event-details/be8ad887e4d674b0,2024-08-24,"Las Vegas, Nevada, USA"
UFC 305: Du Plessis vs. Adesanya,http://ufcstats.com/event-details/32ba186f4b0e3267,2024-08-17,"Perth, Western Australia, Australia"
UFC Fight Night: Tybura vs. Spivac 2,http://ufcstats.com/event-details/2c733e059462c1dc,2024-08-10,"Las Vegas, Nevada, USA"
UFC Fight Night: Sandhagen vs. Nurmagomedov,http://ufcstats.com/event-details/fe435e440b5de0ff,2024-08-03,"Abu Dhabi, Abu Dhabi, United Arab Emirates"
UFC 304: Edwards vs. Muhammad 2,http://ufcstats.com/event-details/026b4f7049085842,2024-07-27,"Manchester, England, United Kingdom"
UFC Fight Night: Lemos vs. Jandiroba,http://ufcstats.com/event-details/c11036da9162cb5f,2024-07-20,"Las Vegas, Nevada, USA"
UFC Fight Night: Namajunas vs. Cortez,http://ufcstats.com/event-details/66e0a70352fef46a,2024-07-13,"Denver, Colorado, USA"
UFC 303: Pereira vs. Prochazka 2,http://ufcstats.com/event-details/f3743d8ef5dde970,2024-06-29,"Las Vegas, Nevada, USA"
UFC Fight Night: Whittaker vs. Aliskerov,http://ufcstats.com/event-details/b12a1d19ee383b7c,2024-06-22,"Riyadh, Riyadh, Saudi Arabia"
UFC Fight Night: Perez vs. Taira,http://ufcstats.com/event-details/9c5828c6fd9dc948,2024-06-15,"Las Vegas, Nevada, USA"
UFC Fight Night: Cannonier vs. Imavov,http://ufcstats.com/event-details/cba3a2dfbc06ce79,2024-06-08,"Louisville, Kentucky, USA"
UFC 302: Makhachev vs. Poirier,http://ufcstats.com/event-details/6e4acc2c115215b5,2024-06-01,"Newark, New Jersey, USA"
UFC Fight Night: Barboza vs. Murphy,http://ufcstats.com/event-details/46baf0f57edfa4df,2024-05-18,"Las Vegas, Nevada, USA"
UFC Fight Night: Lewis vs. Nascimento,http://ufcstats.com/event-details/5dfe71ade71f3a4b,2024-05-11,"St. Louis, Missouri, USA"
UFC 301: Pantoja vs. Erceg,http://ufcstats.com/event-details/981ab7a0576f76a0,2024-05-04,"Rio de Janeiro, Rio de Janeiro, Brazil"
UFC Fight Night: Nicolau vs. Perez,http://ufcstats.com/event-details/a16ce18149021139,2024-04-27,"Las Vegas, Nevada, USA"
UFC 300: Pereira vs. Hill,http://ufcstats.com/event-details/6750e338922a099d,2024-04-13,"Las Vegas, Nevada, USA"
UFC Fight Night: Allen vs. Curtis 2,http://ufcstats.com/event-details/899eaba48fa864a6,2024-04-06,"Las Vegas, Nevada, USA"
UFC Fight Night: Blanchfield vs. Fiorot,http://ufcstats.com/event-details/dba230fe33011201,2024-03-30,"Atlantic City, New Jersey, USA"
UFC Fight Night: Ribas vs. Namajunas,http://ufcstats.com/event-details/79ff6545b0abc685,2024-03-23,"Las Vegas, Nevada, USA"
UFC Fight Night: Tuivasa vs. Tybura,http://ufcstats.com/event-details/c398235fcaf8d71d,2024-03-16,"Las Vegas, Nevada, USA"
UFC 299: O'Malley vs. Vera 2,http://ufcstats.com/event-details/a9df5ae20a97b090,2024-03-09,"Miami, Florida, USA"
UFC Fight Night: Rozenstruik vs. Gaziev,http://ufcstats.com/event-details/e4a9dbade7c7e1a7,2024-03-02,"Las Vegas, Nevada, USA"
UFC Fight Night: Moreno vs. Royval 2,http://ufcstats.com/event-details/902ab9197b83d0db,2024-02-24,"Mexico City, Distrito Federal, Mexico"
UFC 298: Volkanovski vs. Topuria,http://ufcstats.com/event-details/dab0e6cb8c932162,2024-02-17,"Anaheim, California, USA"
UFC Fight Night: Hermansson vs. Pyfer,http://ufcstats.com/event-details/eaea0fc7b76525a8,2024-02-10,"Las Vegas, Nevada, USA"
UFC Fight Night: Dolidze vs. Imavov,http://ufcstats.com/event-details/cce79e827569f26e,2024-02-03,"Las Vegas, Nevada, USA"
UFC 297: Strickland vs. Du Plessis,http://ufcstats.com/event-details/bd85ca0bb4f26cfc,2024-01-20,"Toronto, Ontario, Canada"
UFC Fight Night: Ankalaev vs. Walker 2,http://ufcstats.com/event-details/010986ee359fb863,2024-01-13,"Las Vegas, Nevada, USA"
UFC 296: Edwards vs. Covington,http://ufcstats.com/event-details/a8e8587a06e73c87,2023-12-16,"Las Vegas, Nevada, USA"
UFC Fight Night: Song vs. Gutierrez,http://ufcstats.com/event-details/5ef0088c1b19beeb,2023-12-09,"Las Vegas, Nevada, USA"
UFC Fight Night: Dariush vs. Tsarukyan,http://ufcstats.com/event-details/53e4e21f4c688801,2023-12-02,"Austin, Texas, USA"
UFC Fight Night: Allen vs. Craig,http://ufcstats.com/event-details/3feed7d02711d8b7,2023-11-18,"Las Vegas, Nevada, USA"
UFC 295: Prochazka vs. Pereira,http://ufcstats.com/event-details/5a558ba1ff5e9121,2023-11-11,"New York City, New York, USA"
UFC Fight Night: Almeida vs. Lewis,http://ufcstats.com/event-details/7c4ec656d8fcb867,2023-11-04,"Sao Paulo, Sao Paulo, Brazil"
UFC 294: Makhachev vs. Volkanovski 2,http://ufcstats.com/event-details/13a0fb8fbdafb54f,2023-10-21,"Abu Dhabi, Abu Dhabi, United Arab Emirates"
UFC Fight Night: Yusuff vs. Barboza,http://ufcstats.com/event-details/f3a078277b3b8ff4,2023-10-14,"Las Vegas, Nevada, USA"
UFC Fight Night: Dawson vs. Green,http://ufcstats.com/event-details/c8a49ff2acb6f3c5,2023-10-07,"Las Vegas, Nevada, USA"
UFC Fight Night: Fiziev vs. Gamrot,http://ufcstats.com/event-details/c945adc22c2bfe8f,2023-09-23,"Las Vegas, Nevada, USA"
UFC Fight Night: Grasso vs. Shevchenko 2,http://ufcstats.com/event-details/8fa2b06572365321,2023-09-16,"Las Vegas, Nevada, USA"
UFC 293: Adesanya vs. Strickland,http://ufcstats.com/event-details/ece280745f8727b8,2023-09-09,"Sydney, New South Wales, Australia"
UFC Fight Night: Gane vs. Spivac,http://ufcstats.com/event-details/ef61d9f5176b3200,2023-09-02,"Paris, Ile-de-France, France"
UFC Fight Night: Holloway vs. The Korean Zombie,http://ufcstats.com/event-details/89a407032911e27e,2023-08-26,"Kallang, Singapore"
UFC 292: Sterling vs. O'Malley,http://ufcstats.com/event-details/2719f300b0439039,2023-08-19,"Boston, Massachusetts, USA"
UFC Fight Night: Luque vs. Dos Anjos,http://ufcstats.com/event-details/d2fa318f34d0aadc,2023-08-12,"Las Vegas, Nevada, USA"
UFC Fight Night: Sandhagen vs. Font,http://ufcstats.com/event-details/6f81b6de2557739a,2023-08-05,"Nashville, Tennessee, USA"
UFC 291: Poirier vs. Gaethje 2,http://ufcstats.com/event-details/ccd58ff71e260ed5,2023-07-29,"Salt Lake City, Utah, USA"
UFC Fight Night: Aspinall vs. Tybura,http://ufcstats.com/event-details/1174782eacde9b0c,2023-07-22,"London, England, United Kingdom"
UFC Fight Night: Holm vs. Bueno Silva,http://ufcstats.com/event-details/c9885b1b7c7055a0,2023-07-15,"Las Vegas, Nevada, USA"
UFC 290: Volkanovski vs. Rodriguez,http://ufcstats.com/event-details/6085ceb59087514b,2023-07-08,"Las Vegas, Nevada, USA"
UFC Fight Night: Strickland vs. Magomedov,http://ufcstats.com/event-details/e9e1acc96536bb4f,2023-07-01,"Las Vegas, Nevada, USA"
UFC Fight Night: Emmett vs. Topuria,http://ufcstats.com/event-details/a780d16cf7eed44d,2023-06-24,"Jacksonville, Florida, USA"
UFC Fight Night: Vettori vs. Cannonier,http://ufcstats.com/event-details/b9415726dc3ec526,2023-06-17,"Las Vegas, Nevada, USA"
UFC 289: Nunes vs. Aldana,http://ufcstats.com/event-details/b6c6d1731ff00eeb,2023-06-10,"Vancouver, British Columbia, Canada"
UFC Fight Night: Kara-France vs. Albazi,http://ufcstats.com/event-details/7abe471b61725980,2023-06-03,"Las Vegas, Nevada, USA"
UFC Fight Night: Dern vs. Hill,http://ufcstats.com/event-details/6f812143641ceff8,2023-05-20,"Las Vegas, Nevada, USA"
UFC Fight Night: Rozenstruik vs. Almeida,http://ufcstats.com/event-details/901cddcbfa079097,2023-05-13,"Charlotte, North Carolina, USA"
UFC 288: Sterling vs. Cejudo,http://ufcstats.com/event-details/3c6976f8182d9527,2023-05-06,"Newark, New Jersey, USA"
UFC Fight Night: Song vs. Simon,http://ufcstats.com/event-details/51b1e2fd9872005b,2023-04-29,"Las Vegas, Nevada, USA"
UFC Fight Night: Pavlovich vs. Blaydes,http://ufcstats.com/event-details/6fb1ba67bef41b37,2023-04-22,"Las Vegas, Nevada, USA"
UFC Fight Night: Holloway vs. Allen,http://ufcstats.com/event-details/15b1b21cd743d652,2023-04-15,"Kansas City, Missouri, USA"
UFC 287: Pereira vs. Adesanya 2,http://ufcstats.com/event-details/3dc3022232b79c7a,2023-04-08,"Miami, Florida, USA"
UFC Fight Night: Vera vs. Sandhagen,http://ufcstats.com/event-details/aec273fcb765330d,2023-03-25,"San Antonio, Texas, USA"
UFC 286: Edwards vs. Usman 3,http://ufcstats.com/event-details/e4bb7e483c4ad318,2023-03-18,"London, England, United Kingdom"
UFC Fight Night: Yan vs. Dvalishvili,http://ufcstats.com/event-details/35080a7f406f9ab3,2023-03-11,"Las Vegas, Nevada, USA"
UFC 285: Jones vs. Gane,http://ufcstats.com/event-details/1ccff7f0cfdf85eb,2023-03-04,"Las Vegas, Nevada, USA"
UFC Fight Night: Muniz vs. Allen,http://ufcstats.com/event-details/806975e1b4f47b27,2023-02-25,"Las Vegas, Nevada, USA"
UFC Fight Night: Andrade vs. Blanchfield,http://ufcstats.com/event-details/f21a3d68fb9df387,2023-02-18,"Las Vegas, Nevada, USA"
UFC 284: Makhachev vs. Volkanovski,http://ufcstats.com/event-details/01dd4cdc2446f665,2023-02-11,"Perth, Western Australia, Australia"
UFC Fight Night: Lewis vs. Spivac,http://ufcstats.com/event-details/d26394fc0e8e880a,2023-02-04,"Las Vegas, Nevada, USA"
UFC 283: Teixeira vs. Hill,http://ufcstats.com/event-details/5717efc6f271cd52,2023-01-21,"Rio de Janeiro, Rio de Janeiro, Brazil"
UFC Fight Night: Strickland vs. Imavov,http://ufcstats.com/event-details/2e2cdb6e9eb84bb9,2023-01-14,"Las Vegas, Nevada, USA"
UFC Fight Night: Cannonier vs. Strickland,http://ufcstats.com/event-details/56ec58954158966a,2022-12-17,"Las Vegas, Nevada, USA"
UFC 282: Blachowicz vs. Ankalaev,http://ufcstats.com/event-details/f65a0eb902f9476b,2022-12-10,"Las Vegas, Nevada, USA"
UFC Fight Night: Thompson vs. Holland,http://ufcstats.com/event-details/b23388ff8ac6637b,2022-12-03,"Orlando, Florida, USA"
UFC Fight Night: Nzechukwu vs. Cutelaba,http://ufcstats.com/event-details/012fc7cd0779c09a,2022-11-19,"Las Vegas, Nevada, USA"
UFC 281: Adesanya vs. Pereira,http://ufcstats.com/event-details/b3b6e80b7d5f8f0d,2022-11-12,"New York City, New York, USA"
UFC Fight Night: Rodriguez vs. Lemos,http://ufcstats.com/event-details/756f45905fb20cb5,2022-11-05,"Las Vegas, Nevada, USA"
UFC Fight Night: Kattar vs. Allen,http://ufcstats.com/event-details/be5aab761c40ef35,2022-10-29,"Las Vegas, Nevada, USA"
UFC 280: Oliveira vs. Makhachev,http://ufcstats.com/event-details/885e7f70dcac0007,2022-10-22,"Abu Dhabi, Abu Dhabi, United Arab Emirates"
UFC Fight Night: Grasso vs. Araujo,http://ufcstats.com/event-details/49c29e57d4e2be6f,2022-10-15,"Las Vegas, Nevada, USA"
UFC Fight Night: Dern vs. Yan,http://ufcstats.com/event-details/4f670b7972fa0a2e,2022-10-01,"Las Vegas, Nevada, USA"
UFC Fight Night: Sandhagen vs. Song,http://ufcstats.com/event-details/8d477c3fbe001f9d,2022-09-17,"Las Vegas, Nevada, USA"
UFC 279: Diaz vs. Ferguson,http://ufcstats.com/event-details/93bf96be327fcd98,2022-09-10,"Las Vegas, Nevada, USA"
UFC Fight Night: Gane vs. Tuivasa,http://ufcstats.com/event-details/00a905a4a4a2b071,2022-09-03,"Paris, Ile-de-France, France"
UFC 278: Usman vs. Edwards,http://ufcstats.com/event-details/4f853e98886283cf,2022-08-20,"Salt Lake City, Utah, USA"
UFC Fight Night: Vera vs. Cruz,http://ufcstats.com/event-details/a23e63184c65f5b8,2022-08-13,"San Diego, California, USA"
UFC Fight Night: Santos vs. Hill,http://ufcstats.com/event-details/8f6a18831a120817,2022-08-06,"Las Vegas, Nevada, USA"
UFC 277: Pena vs. Nunes 2,http://ufcstats.com/event-details/b0a6124751a56bc4,2022-07-30,"Dallas, Texas, USA"
UFC Fight Night: Blaydes vs. Aspinall,http://ufcstats.com/event-details/319c15b8aac5bfde,2022-07-23,"London, England, United Kingdom"
UFC Fight Night: Ortega vs. Rodriguez,http://ufcstats.com/event-details/8fd76e1b49c00ae2,2022-07-16,"Elmont, New York, USA"
UFC Fight Night: Dos Anjos vs. Fiziev,http://ufcstats.com/event-details/31da66df48c0c1a0,2022-07-09,"Las Vegas, Nevada, USA"
UFC 276: Adesanya vs. Cannonier,http://ufcstats.com/event-details/4a9e305633f3ef47,2022-07-02,"Las Vegas, Nevada, USA"
UFC Fight Night: Tsarukyan vs. Gamrot,http://ufcstats.com/event-details/eb42d4febfafefd1,2022-06-25,"Las Vegas, Nevada, USA"
UFC Fight Night: Kattar vs. Emmett,http://ufcstats.com/event-details/a0a680fe2f6cc8e6,2022-06-18,"Austin, Texas, USA"
UFC 275: Teixeira vs. Prochazka,http://ufcstats.com/event-details/3a24769a4855040a,2022-06-11,"Kallang, Singapore"
UFC Fight Night: Volkov vs. Rozenstruik,http://ufcstats.com/event-details/57591bbf1623574e,2022-06-04,"Las Vegas, Nevada, USA"
UFC Fight Night: Holm vs. Vieira,http://ufcstats.com/event-details/a6c32678efd4f434,2022-05-21,"Las Vegas, Nevada, USA"
UFC Fight Night: Blachowicz vs. Rakic,http://ufcstats.com/event-details/60ba33c3f555a7a3,2022-05-14,"Las Vegas, Nevada, USA"
UFC 274: Oliveira vs. Gaethje,http://ufcstats.com/event-details/253d3f9e97ca149a,2022-05-07,"Phoenix, Arizona, USA"
UFC Fight Night: Font vs. Vera,http://ufcstats.com/event-details/6bf5a7d3e081ade2,2022-04-30,"Las Vegas, Nevada, USA"
UFC Fight Night: Lemos vs. Andrade,http://ufcstats.com/event-details/236a37d96d476164,2022-04-23,"Las Vegas, Nevada, USA"
UFC Fight Night: Luque vs. Muhammad,http://ufcstats.com/event-details/8753e125f4499816,2022-04-16,"Las Vegas, Nevada, USA"
UFC 273: Volkanovski vs. The Korean Zombie,http://ufcstats.com/event-details/3a97fda0de6f1fa4,2022-04-09,"Jacksonville, Florida, USA"
UFC Fight Night: Blaydes vs. Daukaus,http://ufcstats.com/event-details/1fac46d466abd5b8,2022-03-26,"Columbus, Ohio, USA"
UFC Fight Night: Volkov vs. Aspinall,http://ufcstats.com/event-details/1d00756835ca67c9,2022-03-19,"London, England, United Kingdom"
UFC Fight Night: Santos vs. Ankalaev,http://ufcstats.com/event-details/1f9344211ca7fd60,2022-03-12,"Las Vegas, Nevada, USA"
UFC 272: Covington vs. Masvidal,http://ufcstats.com/event-details/75e0d3cc2262b732,2022-03-05,"Las Vegas, Nevada, USA"
UFC Fight Night: Makhachev vs. Green,http://ufcstats.com/event-details/f6a7b02c42e9fc5b,2022-02-26,"Las Vegas, Nevada, USA"
UFC Fight Night: Walker vs. Hill,http://ufcstats.com/event-details/77940e45bc86208e,2022-02-19,"Las Vegas, Nevada, USA"
UFC 271: Adesanya vs. Whittaker 2,http://ufcstats.com/event-details/cbb682f5fcc44bfc,2022-02-12,"Houston, Texas, USA"
UFC Fight Night: Hermansson vs. Strickland,http://ufcstats.com/event-details/883922e5cd6d8473,2022-02-05,"Las Vegas, Nevada, USA"
UFC 270: Ngannou vs. Gane,http://ufcstats.com/event-details/335ad945324c3a2e,2022-01-22,"Anaheim, California, USA"
UFC Fight Night: Kattar vs. Chikadze,http://ufcstats.com/event-details/f5585e675af7afd4,2022-01-15,"Las Vegas, Nevada, USA"
UFC Fight Night: Lewis vs. Daukaus,http://ufcstats.com/event-details/2a470ad41c22c25a,2021-12-18,"Las Vegas, Nevada, USA"
UFC 269: Oliveira vs. Poirier,http://ufcstats.com/event-details/ef927e4fe2117ab8,2021-12-11,"Las Vegas, Nevada, USA"
UFC Fight Night: Font vs. Aldo,http://ufcstats.com/event-details/509697e08673d2e5,2021-12-04,"Las Vegas, Nevada, USA"
UFC Fight Night: Vieira vs. Tate,http://ufcstats.com/event-details/c95fbc085e17a532,2021-11-20,"Las Vegas, Nevada, USA"
UFC Fight Night: Holloway vs. Rodriguez,http://ufcstats.com/event-details/b5abaa65f87938eb,2021-11-13,"Las Vegas, Nevada, USA"
UFC 268: Usman vs. Covington 2,http://ufcstats.com/event-details/48e093ea1f43a053,2021-11-06,"New York City, New York, USA"
UFC 267: Blachowicz vs. Teixeira,http://ufcstats.com/event-details/3974fa35c917af1d,2021-10-30,"Abu Dhabi, Abu Dhabi, United Arab Emirates"
UFC Fight Night: Costa vs. Vettori,http://ufcstats.com/event-details/8a9c6c4301f6d088,2021-10-23,"Las Vegas, Nevada, USA"
UFC Fight Night: Ladd vs. Dumont,http://ufcstats.com/event-details/8f4616698508f24d,2021-10-16,"Las Vegas, Nevada, USA"
UFC Fight Night: Dern vs. Rodriguez,http://ufcstats.com/event-details/d247691a6c0e9034,2021-10-09,"Las Vegas, Nevada, USA"
UFC Fight Night: Santos vs. Walker,http://ufcstats.com/event-details/e15d0a2519d6a0b5,2021-10-02,"Las Vegas, Nevada, USA"
UFC 266: Volkanovski vs. Ortega,http://ufcstats.com/event-details/0eec866a077889f0,2021-09-25,"Las Vegas, Nevada, USA"
UFC Fight Night: Smith vs. Spann,http://ufcstats.com/event-details/4c27ca8c8481f79a,2021-09-18,"Las Vegas, Nevada, USA"
UFC Fight Night: Brunson vs. Till,http://ufcstats.com/event-details/b9532d815060de7f,2021-09-04,"Las Vegas, Nevada, USA"
UFC Fight Night: Barboza vs. Chikadze,http://ufcstats.com/event-details/0db9d2486d564a3c,2021-08-28,"Las Vegas, Nevada, USA"
UFC Fight Night: Cannonier vs. Gastelum,http://ufcstats.com/event-details/2f13e4020cea5b38,2021-08-21,"Las Vegas, Nevada, USA"
UFC 265: Lewis vs. Gane,http://ufcstats.com/event-details/972197a8c61ac413,2021-08-07,"Houston, Texas, USA"
UFC Fight Night: Hall vs. Strickland,http://ufcstats.com/event-details/320edfb0332b7073,2021-07-31,"Las Vegas, Nevada, USA"
UFC Fight Night: Sandhagen vs. Dillashaw,http://ufcstats.com/event-details/e57f0b06ea39e360,2021-07-24,"Las Vegas, Nevada, USA"
UFC Fight Night: Makhachev vs. Moises,http://ufcstats.com/event-details/40389d39a92f5bfa,2021-07-17,"Las Vegas, Nevada, USA"
UFC 264: Poirier vs. McGregor 3,http://ufcstats.com/event-details/8a0be41c0380188d,2021-07-10,"Las Vegas, Nevada, USA"
UFC Fight Night: Gane vs. Volkov,http://ufcstats.com/event-details/a1d6b308781aa2f5,2021-06-26,"Las Vegas, Nevada, USA"
UFC Fight Night: Jung vs. Ige,http://ufcstats.com/event-details/9ddfb3369a3b0394,2021-06-19,"Las Vegas, Nevada, USA"
UFC 263: Adesanya vs. Vettori 2,http://ufcstats.com/event-details/0b64d0fed453ef7f,2021-06-12,"Glendale, Arizona, USA"
UFC Fight Night: Rozenstruik vs. Sakai,http://ufcstats.com/event-details/3b2485c8d5c8b580,2021-06-05,"Las Vegas, Nevada, USA"
UFC Fight Night: Font vs. Garbrandt,http://ufcstats.com/event-details/277ffed20cf07aea,2021-05-22,"Las Vegas, Nevada, USA"
UFC 262: Oliveira vs. Chandler,http://ufcstats.com/event-details/744f50016c39c26c,2021-05-15,"Houston, Texas, USA"
UFC Fight Night: Rodriguez vs. Waterson,http://ufcstats.com/event-details/58a36b4ccf5dc30e,2021-05-08,"Las Vegas, Nevada, USA"
UFC Fight Night: Reyes vs. Prochazka,http://ufcstats.com/event-details/d57e6a8971b6d2bd,2021-05-01,"Las Vegas, Nevada, USA"
UFC 261: Usman vs. Masvidal 2,http://ufcstats.com/event-details/27541033b97c076d,2021-04-24,"Jacksonville, Florida, USA"
UFC Fight Night: Whittaker vs. Gastelum,http://ufcstats.com/event-details/4a35913bd9aa4161,2021-04-17,"Las Vegas, Nevada, USA"
UFC Fight Night: Vettori vs. Holland,http://ufcstats.com/event-details/9114c8ded5ccd71d,2021-04-10,"Las Vegas, Nevada, USA"
UFC 260: Miocic vs. Ngannou,http://ufcstats.com/event-details/6597b611f1c32555,2021-03-27,"Las Vegas, Nevada, USA"
UFC Fight Night: Brunson vs. Holland,http://ufcstats.com/event-details/c36e1f4fa755ffb4,2021-03-20,"Las Vegas, Nevada, USA"
UFC Fight Night: Edwards vs. Muhammad,http://ufcstats.com/event-details/8c90c1563972e44d,2021-03-13,"Las Vegas, Nevada, USA"
UFC 259: Blachowicz vs. Adesanya,http://ufcstats.com/event-details/6e2b1d631832921d,2021-03-06,"Las Vegas, Nevada, USA"
UFC Fight Night: Rozenstruik vs. Gane,http://ufcstats.com/event-details/81b57acd6975ac06,2021-02-27,"Las Vegas, Nevada, USA"
UFC Fight Night: Blaydes vs. Lewis,http://ufcstats.com/event-details/bfe95ec546692b13,2021-02-20,"Las Vegas, Nevada, USA"
UFC 258: Usman vs. Burns,http://ufcstats.com/event-details/3f7c14c7eca7195d,2021-02-13,"Las Vegas, Nevada, USA"
UFC Fight Night: Overeem vs. Volkov,http://ufcstats.com/event-details/a1153013cb5f628f,2021-02-06,"Las Vegas, Nevada, USA"
UFC 257: Poirier vs. McGregor,http://ufcstats.com/event-details/4304992c2acc187b,2021-01-23,"Abu Dhabi, Abu Dhabi, United Arab Emirates"
UFC Fight Night: Chiesa vs. Magny,http://ufcstats.com/event-details/56116537d71a578c,2021-01-20,"Abu Dhabi, Abu Dhabi, United Arab Emirates"
UFC Fight Night: Holloway vs. Kattar,http://ufcstats.com/event-details/307064d3e0f036c2,2021-01-16,"Abu Dhabi, Abu Dhabi, United Arab Emirates"
UFC Fight Night: Thompson vs. Neal,http://ufcstats.com/event-details/e49c2db95e572dc8,2020-12-19,"Las Vegas, Nevada, USA"
UFC 256: Figueiredo vs. Moreno,http://ufcstats.com/event-details/d0d43cb9b14f231c,2020-12-12,"Las Vegas, Nevada, USA"
UFC Fight Night: Hermansson vs. Vettori,http://ufcstats.com/event-details/398b440e73d55b8b,2020-12-05,"Las Vegas, Nevada, USA"
UFC Fight Night: Smith vs. Clark,http://ufcstats.com/event-details/992c82450d96f726,2020-11-28,"Las Vegas, Nevada, USA"
UFC 255: Figueiredo vs. Perez,http://ufcstats.com/event-details/bbb15f301e4a490a,2020-11-21,"Las Vegas, Nevada, USA"
UFC Fight Night: Felder vs. Dos Anjos,http://ufcstats.com/event-details/3bc27ec15facbcf3,2020-11-14,"Las Vegas, Nevada, USA"
UFC Fight Night: Santos vs. Teixeira,http://ufcstats.com/event-details/41dca66f9dadfc86,2020-11-07,"Las Vegas, Nevada, USA"
UFC Fight Night: Hall vs. Silva,http://ufcstats.com/event-details/ad044be25c94dcfd,2020-10-31,"Las Vegas, Nevada, USA"
UFC 254: Khabib vs. Gaethje,http://ufcstats.com/event-details/c3c38c86f5ab9b5c,2020-10-24,"Abu Dhabi, Abu Dhabi, United Arab Emirates"
UFC Fight Night: Ortega vs. The Korean Zombie,http://ufcstats.com/event-details/d4f364dd076bb0e2,2020-10-17,"Abu Dhabi, Abu Dhabi, United Arab Emirates"
UFC Fight Night: Moraes vs. Sandhagen,http://ufcstats.com/event-details/fd4578cac86d75ca,2020-10-10,"Abu Dhabi, Abu Dhabi, United Arab Emirates"
UFC Fight Night: Holm vs. Aldana,http://ufcstats.com/event-details/805ad1801eb26abb,2020-10-03,"Abu Dhabi, Abu Dhabi, United Arab Emirates"
UFC 253: Adesanya vs. Costa,http://ufcstats.com/event-details/e69c5ce12f4e762b,2020-09-26,"Abu Dhabi, Abu Dhabi, United Arab Emirates"
UFC Fight Night: Covington vs. Woodley,http://ufcstats.com/event-details/831b937811804dad,2020-09-19,"Las Vegas, Nevada, USA"
UFC Fight Night: Waterson vs. Hill,http://ufcstats.com/event-details/9c37681096c6f3a9,2020-09-12,"Las Vegas, Nevada, USA"
UFC Fight Night: Overeem vs. Sakai,http://ufcstats.com/event-details/542db012217ecb83,2020-09-05,"Las Vegas, Nevada, USA"
UFC Fight Night: Smith vs. Rakic,http://ufcstats.com/event-details/e29cf523ebd155c5,2020-08-29,"Las Vegas, Nevada, USA"
UFC Fight Night: Munhoz vs. Edgar,http://ufcstats.com/event-details/af1e5c64b8663aa0,2020-08-22,"Las Vegas, Nevada, USA"
UFC 252: Miocic vs. Cormier 3,http://ufcstats.com/event-details/bda04c573563cc2e,2020-08-15,"Las Vegas, Nevada, USA"
UFC Fight Night: Lewis vs. Oleinik,http://ufcstats.com/event-details/7a82635ffa9b59fe,2020-08-08,"Las Vegas, Nevada, USA"
UFC Fight Night: Brunson vs. Shahbazyan,http://ufcstats.com/event-details/3746e21bb508391a,2020-08-01,"Las Vegas, Nevada, USA"
UFC Fight Night: Whittaker vs. Till,http://ufcstats.com/event-details/dde70a112e053a6c,2020-07-25,"Abu Dhabi, Abu Dhabi, United Arab Emirates"
UFC Fight Night: Figueiredo vs. Benavidez 2,http://ufcstats.com/event-details/ddbd0d6259ce57cc,2020-07-18,"Abu Dhabi, Abu Dhabi, United Arab Emirates"
UFC Fight Night: Kattar vs. Ige,http://ufcstats.com/event-details/18f5669a92e99d92,2020-07-15,"Abu Dhabi, Abu Dhabi, United Arab Emirates"
UFC 251: Usman vs. Masvidal,http://ufcstats.com/event-details/dbd198f780286aca,2020-07-11,"Abu Dhabi, Abu Dhabi, United Arab Emirates"
UFC Fight Night: Poirier vs. Hooker,http://ufcstats.com/event-details/c32eab6c2119e989,2020-06-27,"Las Vegas, Nevada, USA"
UFC Fight Night: Blaydes vs. Volkov,http://ufcstats.com/event-details/2eab7a6c8b0ed8cc,2020-06-20,"Las Vegas, Nevada, USA"
UFC Fight Night: Eye vs. Calvillo,http://ufcstats.com/event-details/1e13936d708bcff7,2020-06-13,"Las Vegas, Nevada, USA"
UFC 250: Nunes vs. Spencer,http://ufcstats.com/event-details/4c12aa7ca246e7a4,2020-06-06,"Las Vegas, Nevada, USA"
UFC Fight Night: Woodley vs. Burns,http://ufcstats.com/event-details/14b9e0f2679a2205,2020-05-30,"Las Vegas, Nevada, USA"
UFC Fight Night: Overeem vs. Harris,http://ufcstats.com/event-details/dfb965c9824425db,2020-05-16,"Jacksonville, Florida, USA"
UFC Fight Night: Smith vs. Teixeira,http://ufcstats.com/event-details/5f8e00c27b7e7410,2020-05-13,"Jacksonville, Florida, USA"
UFC 249: Ferguson vs. Gaethje,http://ufcstats.com/event-details/898337ef520fe4d3,2020-05-09,"Jacksonville, Florida, USA"
UFC Fight Night: Lee vs. Oliveira,http://ufcstats.com/event-details/53278852bcd91e11,2020-03-14,"Brasilia, Distrito Federal, Brazil"
UFC 248: Adesanya vs. Romero,http://ufcstats.com/event-details/0b5b6876c2a4723f,2020-03-07,"Las Vegas, Nevada, USA"
UFC Fight Night: Benavidez vs. Figueiredo,http://ufcstats.com/event-details/fc9a9559a05f2704,2020-02-29,"Norfolk, Virginia, USA"
UFC Fight Night: Felder vs. Hooker,http://ufcstats.com/event-details/33b2f68ef95252e0,2020-02-22,"Auckland, New Zealand"
UFC Fight Night: Anderson vs. Blachowicz,http://ufcstats.com/event-details/5df17b3620145578,2020-02-15,"Rio Rancho, New Mexico, USA"
UFC 247: Jones vs. Reyes,http://ufcstats.com/event-details/b26d3e3746fb4024,2020-02-08,"Houston, Texas, USA"
UFC Fight Night: Blaydes vs. Dos Santos,http://ufcstats.com/event-details/44aa652b181bcf68,2020-01-25,"Raleigh, North Carolina, USA"
UFC 246: McGregor vs. Cowboy,http://ufcstats.com/event-details/0c1773639c795466,2020-01-18,"Las Vegas, Nevada, USA"
UFC Fight Night: Edgar vs. The Korean Zombie,http://ufcstats.com/event-details/74fefd43f073cd2f,2019-12-21,"Busan, South Korea"
UFC 245: Usman vs. Covington,http://ufcstats.com/event-details/4565d435005319c0,2019-12-14,"Las Vegas, Nevada, USA"
UFC Fight Night: Overeem vs. Rozenstruik,http://ufcstats.com/event-details/b09890ba7ce1d1e2,2019-12-07,"Washington, DC, USA"
UFC Fight Night: Blachowicz vs. Jacare,http://ufcstats.com/event-details/81ca2c245b19b3c5,2019-11-16,"Sao Paulo, Sao Paulo, Brazil"
UFC Fight Night: Zabit vs. Kattar,http://ufcstats.com/event-details/8d5daf67983b65ba,2019-11-09,"Moscow, Moscow, Russia"
UFC 244: Masvidal vs. Diaz,http://ufcstats.com/event-details/fd87b1bbfcde9d5e,2019-11-02,"New York City, New York, USA"
UFC Fight Night: Maia vs. Askren,http://ufcstats.com/event-details/df05aa15b2d66f57,2019-10-26,"Kallang, Singapore"
UFC Fight Night: Reyes vs. Weidman,http://ufcstats.com/event-details/3ae10ac4df3df05c,2019-10-18,"Boston, Massachusetts, USA"
UFC Fight Night: Joanna vs. Waterson,http://ufcstats.com/event-details/0941df56f6ac954b,2019-10-12,"Tampa, Florida, USA"
UFC 243: Whittaker vs. Adesanya,http://ufcstats.com/event-details/3cf68c1d17f66af7,2019-10-05,"Melbourne, Victoria, Australia"
UFC Fight Night: Hermansson vs. Cannonier,http://ufcstats.com/event-details/1bf49bf829964144,2019-09-28,"Copenhagen, Denmark"
UFC Fight Night: Rodriguez vs. Stephens,http://ufcstats.com/event-details/94a5aaf573f780ad,2019-09-21,"Mexico City, Distrito Federal, Mexico"
UFC Fight Night: Cowboy vs. Gaethje,http://ufcstats.com/event-details/4834ff149dc9542a,2019-09-14,"Vancouver, British Columbia, Canada"
UFC 242: Khabib vs. Poirier,http://ufcstats.com/event-details/a79bfbc01b2264d6,2019-09-07,"Abu Dhabi, Abu Dhabi, United Arab Emirates"
UFC Fight Night: Andrade vs. Zhang,http://ufcstats.com/event-details/2c104b7e59a72629,2019-08-31,"Shenzhen, Guangdong, China"
UFC 241: Cormier vs. Miocic 2,http://ufcstats.com/event-details/70167689d6a01793,2019-08-17,"Anaheim, California, USA"
UFC Fight Night: Shevchenko vs. Carmouche 2,http://ufcstats.com/event-details/e5d03e4d966126bd,2019-08-10,"Montevideo, Uruguay"
UFC Fight Night: Covington vs. Lawler,http://ufcstats.com/event-details/03da33a102d9a45f,2019-08-03,"Newark, New Jersey, USA"
UFC 240: Holloway vs. Edgar,http://ufcstats.com/event-details/abcf7e55a0a9ed89,2019-07-27,"Edmonton, Alberta, Canada"
UFC Fight Night: Dos Anjos vs. Edwards,http://ufcstats.com/event-details/9e0f28d1f639ad73,2019-07-20,"San Antonio, Texas, USA"
UFC Fight Night: De Randamie vs. Ladd,http://ufcstats.com/event-details/2f8f3c69522db931,2019-07-13,"Sacramento, California, USA"
UFC 239: Jones vs. Santos,http://ufcstats.com/event-details/6c9383ffab2725a5,2019-07-06,"Las Vegas, Nevada, USA"
UFC Fight Night: Ngannou vs. Dos Santos,http://ufcstats.com/event-details/c0c1bc0766df4c00,2019-06-29,"Minneapolis, Minnesota, USA"
UFC Fight Night: Moicano vs. The Korean Zombie,http://ufcstats.com/event-details/b16a7e6a627e9789,2019-06-22,"Greenville, South Carolina, USA"
UFC 238: Cejudo vs. Moraes,http://ufcstats.com/event-details/e31502e3f79d00c5,2019-06-08,"Chicago, Illinois, USA"
UFC Fight Night: Gustafsson vs. Smith,http://ufcstats.com/event-details/cbc071cb20ea59c7,2019-06-01,"Stockholm, Sweden"
UFC Fight Night: Dos Anjos vs. Lee,http://ufcstats.com/event-details/6b8f28da9a483049,2019-05-18,"Rochester, New York, USA"
UFC 237: Namajunas vs. Andrade,http://ufcstats.com/event-details/9de7c97e1c0d7927,2019-05-11,"Rio de Janeiro, Rio de Janeiro, Brazil"
UFC Fight Night: Iaquinta vs. Cowboy,http://ufcstats.com/event-details/351264d11286d09a,2019-05-04,"Ottawa, Ontario, Canada"
UFC Fight Night: Jacare vs. Hermansson,http://ufcstats.com/event-details/c912f676692c353a,2019-04-27,"Sunrise, Florida, USA"
UFC Fight Night: Overeem vs. Oleinik,http://ufcstats.com/event-details/7dcf06c1967801c1,2019-04-20,"Saint Petersburg, Saint Petersburg, Russia"
UFC 236: Holloway vs. Poirier 2,http://ufcstats.com/event-details/b0550072e5f0afa7,2019-04-13,"Atlanta, Georgia, USA"
UFC Fight Night: Barboza vs. Gaethje,http://ufcstats.com/event-details/9649d75defe0dedb,2019-03-30,"Philadelphia, Pennsylvania, USA"
UFC Fight Night: Thompson vs. Pettis,http://ufcstats.com/event-details/487c170da059857d,2019-03-23,"Nashville, Tennessee, USA"
UFC Fight Night: Till vs. Masvidal,http://ufcstats.com/event-details/80eacd4da0617c57,2019-03-16,"London, England, United Kingdom"
UFC Fight Night: Lewis vs. Dos Santos,http://ufcstats.com/event-details/e96d8538d3f9d0ed,2019-03-09,"Wichita, Kansas, USA"
UFC 235: Jones vs. Smith,http://ufcstats.com/event-details/2d5fbe2103f97053,2019-03-02,"Las Vegas, Nevada, USA"
UFC Fight Night: Blachowicz vs. Santos,http://ufcstats.com/event-details/6546af7ab545b90c,2019-02-23,"Prague, Czech Republic"
UFC Fight Night: Ngannou vs. Velasquez,http://ufcstats.com/event-details/a7a79b8efbceaaac,2019-02-17,"Phoenix, Arizona, USA"
UFC 234: Adesanya vs. Silva,http://ufcstats.com/event-details/b5882371e2a3900d,2019-02-09,"Melbourne, Victoria, Australia"
UFC Fight Night: Assuncao vs. Moraes 2,http://ufcstats.com/event-details/84283233ec42be5f,2019-02-02,"Fortaleza, Ceara, Brazil"
UFC Fight Night: Cejudo vs. Dillashaw,http://ufcstats.com/event-details/d4da8995fc91e7ef,2019-01-19,"Brooklyn, New York, USA"
UFC 232: Jones vs. Gustafsson 2,http://ufcstats.com/event-details/c046100aea0dba9a,2018-12-29,"Los Angeles, California, USA"
UFC Fight Night: Lee vs. Iaquinta,http://ufcstats.com/event-details/7a703c565ccaa18f,2018-12-15,"Milwaukee, Wisconsin, USA"
UFC 231: Holloway vs. Ortega,http://ufcstats.com/event-details/2a74bbba57058f12,2018-12-08,"Toronto, Ontario, Canada"
UFC Fight Night: Dos Santos vs. Tuivasa,http://ufcstats.com/event-details/d1d20e651e6cbc02,2018-12-01,"Adelaide, South Australia, Australia"
The Ultimate Fighter: Heavy Hitters Finale,http://ufcstats.com/event-details/c7ac79839e86ce33,2018-11-30,"Las Vegas, Nevada, USA"
UFC Fight Night: Blaydes vs. Ngannou 2,http://ufcstats.com/event-details/de25520d54eab12d,2018-11-24,"Beijing, China"
UFC Fight Night: Magny vs. Ponzinibbio,http://ufcstats.com/event-details/aa3153a9941b4d44,2018-11-17,"Buenos Aires, Buenos Aires, Argentina"
UFC Fight Night: Korean Zombie vs. Rodriguez,http://ufcstats.com/event-details/42c96a9c4802e2e1,2018-11-10,"Denver, Colorado, USA"
UFC 230: Cormier vs. Lewis,http://ufcstats.com/event-details/20821819c401ced8,2018-11-03,"New York City, New York, USA"
UFC Fight Night: Oezdemir vs. Smith,http://ufcstats.com/event-details/33a331684283900f,2018-10-27,"Moncton, New Brunswick, Canada"
UFC 229: Khabib vs. McGregor,http://ufcstats.com/event-details/1ef0eae31904e534,2018-10-06,"Las Vegas, Nevada, USA"
UFC Fight Night: Marreta vs. Anders,http://ufcstats.com/event-details/852454c572675334,2018-09-22,"Sao Paulo, Sao Paulo, Brazil"
UFC Fight Night: Hunt vs. Oleinik,http://ufcstats.com/event-details/8d49545dadf9b919,2018-09-15,"Moscow, Moscow, Russia"
UFC 228: Woodley vs. Till,http://ufcstats.com/event-details/d5ae8074631762fc,2018-09-08,"Dallas, Texas, USA"
UFC Fight Night: Gaethje vs. Vick,http://ufcstats.com/event-details/c0342805a1948cbb,2018-08-25,"Lincoln, Nebraska, USA"
UFC 227: Dillashaw vs. Garbrandt 2,http://ufcstats.com/event-details/03b1e846b09f721d,2018-08-04,"Los Angeles, California, USA"
UFC Fight Night: Alvarez vs. Poirier 2,http://ufcstats.com/event-details/322a56923b396b4d,2018-07-28,"Calgary, Alberta, Canada"
UFC Fight Night: Shogun vs. Smith,http://ufcstats.com/event-details/4f732e58ed907eff,2018-07-22,"Hamburg, Hamburg, Germany"
UFC Fight Night: Dos Santos vs. Ivanov,http://ufcstats.com/event-details/b45d6b73f4ca4467,2018-07-14,"Boise, Idaho, USA"
UFC 226: Miocic vs. Cormier,http://ufcstats.com/event-details/35585d970300d45a,2018-07-07,"Las Vegas, Nevada, USA"
The Ultimate Fighter: Undefeated Finale,http://ufcstats.com/event-details/8215e4fe24e8e81b,2018-07-06,"Las Vegas, Nevada, USA"
UFC Fight Night: Cowboy vs. Edwards,http://ufcstats.com/event-details/ac5f67109accb482,2018-06-23,"Kallang, Singapore"
UFC 225: Whittaker vs. Romero 2,http://ufcstats.com/event-details/2eae41f61776c60f,2018-06-09,"Chicago, Illinois, USA"
UFC Fight Night: Rivera vs. Moraes,http://ufcstats.com/event-details/d29b5c4f22c6357d,2018-06-01,"Utica, New York, USA"
UFC Fight Night: Thompson vs. Till,http://ufcstats.com/event-details/f5990c11974d8e9c,2018-05-27,"Liverpool, England, United Kingdom"
UFC Fight Night: Maia vs. Usman,http://ufcstats.com/event-details/3144121470023e9a,2018-05-19,"Santiago, Chile"
UFC 224: Nunes vs. Pennington,http://ufcstats.com/event-details/67ec58d7cf599835,2018-05-12,"Rio de Janeiro, Rio de Janeiro, Brazil"
UFC Fight Night: Barboza vs. Lee,http://ufcstats.com/event-details/ad99fa5325519169,2018-04-21,"Atlantic City, New Jersey, USA"
UFC Fight Night: Poirier vs. Gaethje,http://ufcstats.com/event-details/620be7e0712d431b,2018-04-14,"Glendale, Arizona, USA"
UFC 223: Khabib vs. Iaquinta,http://ufcstats.com/event-details/49e7e05f902479ca,2018-04-07,"Brooklyn, New York, USA"
UFC Fight Night: Werdum vs. Volkov,http://ufcstats.com/event-details/eed2b71d77d95416,2018-03-17,"London, England, United Kingdom"
UFC 222: Cyborg vs. Kunitskaya,http://ufcstats.com/event-details/7929be8290289a47,2018-03-03,"Las Vegas, Nevada, USA"
UFC Fight Night: Emmett vs. Stephens,http://ufcstats.com/event-details/daa89f01e1c0f42a,2018-02-24,"Orlando, Florida, USA"
UFC Fight Night: Cerrone vs. Medeiros,http://ufcstats.com/event-details/d181689653115b6a,2018-02-18,"Austin, Texas, USA"
UFC 221: Romero vs. Rockhold,http://ufcstats.com/event-details/15515e797aedc137,2018-02-10,"Perth, Western Australia, Australia"
UFC Fight Night: Machida vs. Anders,http://ufcstats.com/event-details/7cf20446453f852b,2018-02-03,"Belem, Para, Brazil"
UFC Fight Night: Jacare vs. Brunson 2,http://ufcstats.com/event-details/602bb270f2bdbf02,2018-01-27,"Charlotte, North Carolina, USA"
UFC 220: Miocic vs. Ngannou,http://ufcstats.com/event-details/02177caefe7c07d4,2018-01-20,"Boston, Massachusetts, USA"
UFC Fight Night: Stephens vs. Choi,http://ufcstats.com/event-details/fc1868f56d3036eb,2018-01-14,"St. Louis, Missouri, USA"
UFC 219: Cyborg vs. Holm,http://ufcstats.com/event-details/04076783ca83d6ae,2017-12-30,"Las Vegas, Nevada, USA"
UFC Fight Night: Lawler vs. Dos Anjos,http://ufcstats.com/event-details/eaa0a728cc91ef60,2017-12-16,"Winnipeg, Manitoba, Canada"
UFC Fight Night: Swanson vs. Ortega,http://ufcstats.com/event-details/bcd124bcd3d5be46,2017-12-09,"Fresno, California, USA"
UFC 218: Holloway vs. Aldo 2,http://ufcstats.com/event-details/9e30f69cc0869301,2017-12-02,"Detroit, Michigan, USA"
The Ultimate Fighter: A New World Champion Finale,http://ufcstats.com/event-details/30e8b4505f5ccf92,2017-12-01,"Las Vegas, Nevada, USA"
UFC Fight Night: Bisping vs. Gastelum,http://ufcstats.com/event-details/e7bc606d269896aa,2017-11-25,"Shanghai, Hebei, China"
UFC Fight Night: Werdum vs. Tybura,http://ufcstats.com/event-details/caced97768818230,2017-11-18,"Sydney, New South Wales, Australia"
UFC Fight Night: Poirier vs. Pettis,http://ufcstats.com/event-details/d856a0080ac09ed7,2017-11-11,"Norfolk, Virginia, USA"
UFC 217: Bisping vs. St-Pierre,http://ufcstats.com/event-details/a25b71fe5e31fa97,2017-11-04,"New York City, New York, USA"
UFC Fight Night: Brunson vs. Machida,http://ufcstats.com/event-details/a7724f51e32e763e,2017-10-28,"Sao Paulo, Sao Paulo, Brazil"
UFC Fight Night: Cerrone vs. Till,http://ufcstats.com/event-details/d6b68eaf4b68b160,2017-10-21,"Gdansk, Poland"
UFC 216: Ferguson vs. Lee,http://ufcstats.com/event-details/cc5834a495d1ea08,2017-10-07,"Las Vegas, Nevada, USA"
UFC Fight Night: Saint Preux vs. Okami,http://ufcstats.com/event-details/9211aae062b799d6,2017-09-22,"Saitama, Saitama, Japan"
UFC Fight Night: Rockhold vs. Branch,http://ufcstats.com/event-details/1979c80150f630c4,2017-09-16,"Pittsburgh, Pennsylvania, USA"
UFC 215: Nunes vs Shevchenko 2,http://ufcstats.com/event-details/d86e913c548c07c2,2017-09-09,"Edmonton, Alberta, Canada"
UFC Fight Night: Volkov vs. Struve,http://ufcstats.com/event-details/a3244e3238541482,2017-09-02,"Rotterdam, Zuid-Holland, Netherlands"
UFC Fight Night: Pettis vs. Moreno,http://ufcstats.com/event-details/f4a031ac205ac580,2017-08-05,"Mexico City, Distrito Federal, Mexico"
UFC 214: Cormier vs. Jones 2,http://ufcstats.com/event-details/ff9578cdbfabd323,2017-07-29,"Anaheim, California, USA"
UFC Fight Night: Weidman vs. Gastelum,http://ufcstats.com/event-details/9f3d6ddef3d3cccc,2017-07-22,"Uniondale, New York, USA"
UFC Fight Night: Nelson vs. Ponzinibbio,http://ufcstats.com/event-details/d7907a9a968e4d29,2017-07-16,"Glasgow, Scotland, United Kingdom"
UFC 213: Romero vs. Whittaker,http://ufcstats.com/event-details/686cccbf1a4de453,2017-07-08,"Las Vegas, Nevada, USA"
The Ultimate Fighter: Redemption Finale,http://ufcstats.com/event-details/23bd78c3f89bdb54,2017-07-07,"Las Vegas, Nevada, USA"
UFC Fight Night: Chiesa vs. Lee,http://ufcstats.com/event-details/99bf06f20491cb54,2017-06-25,"Oklahoma City, Oklahoma, USA"
UFC Fight Night: Holm vs. Correia,http://ufcstats.com/event-details/353de740bb6c7e75,2017-06-17,"Kallang, Singapore"
UFC Fight Night: Lewis vs. Hunt,http://ufcstats.com/event-details/90e7447d8b7f3f35,2017-06-10,"Auckland, New Zealand"
UFC 212: Aldo vs. Holloway,http://ufcstats.com/event-details/1507214bbc7a79e2,2017-06-03,"Rio de Janeiro, Rio de Janeiro, Brazil"
UFC Fight Night: Gustafsson vs. Teixeira,http://ufcstats.com/event-details/1c7cce2f5c17160d,2017-05-28,"Stockholm, Sweden"
UFC 211: Miocic vs. Dos Santos,http://ufcstats.com/event-details/5df10509264586e5,2017-05-13,"Dallas, Texas, USA"
UFC Fight Night: Swanson vs. Lobov,http://ufcstats.com/event-details/bc7f7f0ba3db74d2,2017-04-22,"Nashville, Tennessee, USA"
UFC on FOX: Johnson vs. Reis,http://ufcstats.com/event-details/ed069a95aaaf4f56,2017-04-15,"Kansas City, Missouri, USA"
UFC 210: Cormier vs. Johnson 2,http://ufcstats.com/event-details/e7bfdb5e0112891e,2017-04-08,"Buffalo, New York, USA"
UFC Fight Night: Manuwa vs. Anderson,http://ufcstats.com/event-details/c0231720fe516994,2017-03-18,"London, England, United Kingdom"
UFC Fight Night: Belfort vs. Gastelum,http://ufcstats.com/event-details/47b7e4e60813b7b2,2017-03-11,"Fortaleza, Ceara, Brazil"
UFC 209: Woodley vs. Thompson 2,http://ufcstats.com/event-details/20e403a1acfef130,2017-03-04,"Las Vegas, Nevada, USA"
UFC Fight Night: Lewis vs. Browne,http://ufcstats.com/event-details/b4ad3a06ee4d660c,2017-02-19,"Halifax, Nova Scotia, Canada"
UFC 208: Holm vs. De Randamie,http://ufcstats.com/event-details/865aa315ea62c511,2017-02-11,"Brooklyn, New York, USA"
UFC Fight Night: Bermudez vs. The Korean Zombie,http://ufcstats.com/event-details/6a8a06b542e1516d,2017-02-04,"Houston, Texas, USA"
UFC on FOX: Shevchenko vs. Pena,http://ufcstats.com/event-details/4512e46543b960ad,2017-01-28,"Denver, Colorado, USA"
UFC Fight Night: Rodriguez vs. Penn,http://ufcstats.com/event-details/46effbd1135423c5,2017-01-15,"Phoenix, Arizona, USA"
UFC 207: Nunes vs. Rousey,http://ufcstats.com/event-details/4b2390cfaceb91d8,2016-12-30,"Las Vegas, Nevada, USA"
UFC on FOX: VanZant vs. Waterson,http://ufcstats.com/event-details/32541eb5d12668b4,2016-12-17,"Sacramento, California, USA"
UFC 206: Holloway vs. Pettis,http://ufcstats.com/event-details/6e3282d57d2467a0,2016-12-10,"Toronto, Ontario, Canada"
UFC Fight Night: Lewis vs. Abdurakhimov,http://ufcstats.com/event-details/7139cd2ae4bf6a29,2016-12-09,"Albany, New York, USA"
The Ultimate Fighter: Tournament of Champions Finale,http://ufcstats.com/event-details/bd4389b71fdc0ce2,2016-12-03,"Las Vegas, Nevada, USA"
UFC Fight Night: Whittaker vs. Brunson,http://ufcstats.com/event-details/73e09f837f3b5ecc,2016-11-26,"Melbourne, Victoria, Australia"
UFC Fight Night: Bader vs. Nogueira,http://ufcstats.com/event-details/5cde96e0a1a1fffe,2016-11-19,"Sao Paulo, Sao Paulo, Brazil"
UFC Fight Night: Mousasi vs. Hall 2,http://ufcstats.com/event-details/6810d8d2dd557cf9,2016-11-19,"Belfast, Northern Ireland, United Kingdom"
UFC 205: Alvarez vs McGregor,http://ufcstats.com/event-details/4956f60b7fa57c1a,2016-11-12,"New York City, New York, USA"
UFC Fight Night: Dos Anjos vs. Ferguson,http://ufcstats.com/event-details/6083f497c22cc075,2016-11-05,"Mexico City, Distrito Federal, Mexico"
UFC 204: Bisping vs. Henderson,http://ufcstats.com/event-details/154a6b3ffae264cd,2016-10-08,"Manchester, England, United Kingdom"
UFC Fight Night: Lineker vs. Dodson,http://ufcstats.com/event-details/a196332ee4aa8a82,2016-10-01,"Portland, Oregon, USA"
UFC Fight Night: Cyborg vs. Lansberg,http://ufcstats.com/event-details/e18012194473e8b0,2016-09-24,"Brasilia, Distrito Federal, Brazil"
UFC Fight Night: Poirier vs. Johnson,http://ufcstats.com/event-details/d6455cb4bee503ce,2016-09-17,"Hidalgo, Texas, USA"
UFC 203: Miocic vs. Overeem,http://ufcstats.com/event-details/2dc7f1762dc0a7ef,2016-09-10,"Cleveland, Ohio, USA"
UFC Fight Night: Arlovski vs. Barnett,http://ufcstats.com/event-details/2b4faacc16d66898,2016-09-03,"Hamburg, Hamburg, Germany"
UFC on FOX: Maia vs. Condit,http://ufcstats.com/event-details/cfbccfed4e4796fe,2016-08-27,"Vancouver, British Columbia, Canada"
UFC 202: Diaz vs. McGregor 2,http://ufcstats.com/event-details/5da4e8dc02e50ac0,2016-08-20,"Las Vegas, Nevada, USA"
UFC Fight Night: Rodriguez vs. Caceres,http://ufcstats.com/event-details/232c582f29f8f65e,2016-08-06,"Salt Lake City, Utah, USA"
UFC 201: Lawler vs. Woodley,http://ufcstats.com/event-details/72cbe507644a587c,2016-07-30,"Atlanta, Georgia, USA"
UFC on FOX: Holm vs. Shevchenko,http://ufcstats.com/event-details/8a028648f3f0761d,2016-07-23,"Chicago, Illinois, USA"
UFC Fight Night: McDonald vs. Lineker,http://ufcstats.com/event-details/5e7a28f20927d64a,2016-07-13,"Sioux Falls, South Dakota, USA"
UFC 200: Tate vs Nunes,http://ufcstats.com/event-details/aa5b4eff51bdc7d1,2016-07-09,"Las Vegas, Nevada, USA"
The Ultimate Fighter: Team Joanna vs. Team Cláudia Finale,http://ufcstats.com/event-details/cd42bbe8887bba90,2016-07-08,"Las Vegas, Nevada, USA"
UFC Fight Night: Dos Anjos vs. Alvarez,http://ufcstats.com/event-details/45a2ba3ef82b9700,2016-07-07,"Las Vegas, Nevada, USA"
UFC Fight Night: MacDonald vs Thompson,http://ufcstats.com/event-details/563d051c9e769b24,2016-06-18,"Ottawa, Ontario, Canada"
UFC 199: Rockhold vs. Bisping 2,http://ufcstats.com/event-details/ff4c3ab594c7fac3,2016-06-04,"Los Angeles, California, USA"
UFC Fight Night: Almeida vs Garbrandt,http://ufcstats.com/event-details/990060b2a68a7b82,2016-05-29,"Las Vegas, Nevada, USA"
UFC 198: Werdum vs Miocic,http://ufcstats.com/event-details/a4bf17bd3ba3423b,2016-05-14,"Curitiba, Parana, Brazil"
UFC Fight Night: Overeem vs Arlovski,http://ufcstats.com/event-details/a314687f372b2cec,2016-05-08,"Rotterdam, Zuid-Holland, Netherlands"
UFC 197: Jones vs Saint Preux,http://ufcstats.com/event-details/3d481aa374c954a1,2016-04-23,"Las Vegas, Nevada, USA"
UFC on FOX: Teixeira vs Evans,http://ufcstats.com/event-details/e7e970d508529bf3,2016-04-16,"Tampa, Florida, USA"
UFC Fight Night: Rothwell vs Dos Santos,http://ufcstats.com/event-details/4887e5bc4dbb73ff,2016-04-10,"Zagreb, Croatia"
UFC Fight Night: Hunt vs Mir,http://ufcstats.com/event-details/e60201cfab7d656d,2016-03-19,"Brisbane, Queensland, Australia"
UFC 196: McGregor vs Diaz,http://ufcstats.com/event-details/db1f2ed63b54b9a7,2016-03-05,"Las Vegas, Nevada, USA"
UFC Fight Night: Silva vs Bisping,http://ufcstats.com/event-details/39c568f8c579913e,2016-02-27,"London, England, United Kingdom"
UFC Fight Night: Cowboy vs Cowboy,http://ufcstats.com/event-details/d56bb6dff2ae77eb,2016-02-21,"Pittsburgh, Pennsylvania, USA"
UFC Fight Night: Hendricks vs Thompson,http://ufcstats.com/event-details/de99da2c0d18d34a,2016-02-06,"Las Vegas, Nevada, USA"
UFC on FOX: Johnson vs. Bader,http://ufcstats.com/event-details/b3fb8d2293e17a59,2016-01-30,"Newark, New Jersey, USA"
UFC Fight Night: Dillashaw vs Cruz,http://ufcstats.com/event-details/c6becb722706c7d8,2016-01-17,"Boston, Massachusetts, USA"
UFC 195: Lawler vs Condit,http://ufcstats.com/event-details/380e8b023290d091,2016-01-02,"Las Vegas, Nevada, USA"
UFC on FOX: Dos Anjos vs. Cowboy 2,http://ufcstats.com/event-details/80d918336163b80c,2015-12-19,"Orlando, Florida, USA"
UFC 194: Aldo vs McGregor,http://ufcstats.com/event-details/354808cf38d9d73c,2015-12-12,"Las Vegas, Nevada, USA"
The Ultimate Fighter: Team McGregor vs. Team Faber Finale,http://ufcstats.com/event-details/20fbff570c678e1c,2015-12-11,"Las Vegas, Nevada, USA"
UFC Fight Night: Namajunas vs. VanZant,http://ufcstats.com/event-details/dd39f1ca787a3d9d,2015-12-10,"Las Vegas, Nevada, USA"
UFC Fight Night: Henderson vs Masvidal,http://ufcstats.com/event-details/4d636c3aa1105950,2015-11-28,"Seoul, South Korea"
UFC Fight Night: Magny vs Gastelum,http://ufcstats.com/event-details/243b07fc65ccbb16,2015-11-21,"Monterrey, Nuevo Leon, Mexico"
UFC 193: Rousey vs Holm,http://ufcstats.com/event-details/8d04923f2db59b7f,2015-11-14,"Melbourne, Victoria, Australia"
UFC Fight Night: Belfort vs Henderson 3,http://ufcstats.com/event-details/5345f86680378fc1,2015-11-07,"Sao Paulo, Sao Paulo, Brazil"
UFC Fight Night: Holohan vs Smolka,http://ufcstats.com/event-details/f3155a94ca420126,2015-10-24,"Dublin, Leinster, Ireland"
UFC 192: Cormier vs Gustafsson,http://ufcstats.com/event-details/119ebea97e914dcf,2015-10-03,"Houston, Texas, USA"
UFC Fight Night: Barnett vs Nelson,http://ufcstats.com/event-details/a4dd5c9a75763295,2015-09-26,"Saitama, Japan"
UFC 191: Johnson vs Dodson 2,http://ufcstats.com/event-details/82f5c81f4e3c3eb5,2015-09-05,"Las Vegas, Nevada, USA"
UFC Fight Night: Holloway vs Oliveira,http://ufcstats.com/event-details/2ce6541127b0e232,2015-08-23,"Saskatoon, Saskatchewan, Canada"
UFC Fight Night: Teixeira vs Saint Preux,http://ufcstats.com/event-details/b71667c778b6d9e5,2015-08-08,"Nashville, Tennessee, USA"
UFC 190: Rousey vs Correia,http://ufcstats.com/event-details/a9c45a8b21eabadc,2015-08-01,"Rio de Janeiro, Rio de Janeiro, Brazil"
UFC on FOX: Dillashaw vs. Barao II,http://ufcstats.com/event-details/0c3838c8f7c620c2,2015-07-25,"Chicago, Illinois, USA"
UFC Fight Night: Bisping vs Leites,http://ufcstats.com/event-details/ef7fa30364cbe7f2,2015-07-18,"Glasgow, Scotland, United Kingdom"
UFC Fight Night: Mir vs Duffee,http://ufcstats.com/event-details/36877f0e62b25b96,2015-07-15,"San Diego, California, USA"
The Ultimate Fighter: American Top Team vs. Blackzilians Finale,http://ufcstats.com/event-details/a890f9a791ed615d,2015-07-12,"Las Vegas, Nevada, USA"
UFC 189: Mendes vs McGregor,http://ufcstats.com/event-details/3be081c29bf734d9,2015-07-11,"Las Vegas, Nevada, USA"
UFC Fight Night: Machida vs Romero,http://ufcstats.com/event-details/86e388ed20761ad9,2015-06-27,"Hollywood, Florida, USA"
UFC Fight Night: Jedrzejczyk vs Penne,http://ufcstats.com/event-details/194fc025f9355db6,2015-06-20,"Berlin, Berlin, Germany"
UFC 188: Velasquez vs Werdum,http://ufcstats.com/event-details/a58114c6dd0add64,2015-06-13,"Mexico City, Distrito Federal, Mexico"
UFC Fight Night: Boetsch vs Henderson,http://ufcstats.com/event-details/06dc1a58663579d2,2015-06-06,"New Orleans, Louisiana, USA"
UFC Fight Night: Condit vs Alves,http://ufcstats.com/event-details/aae0897825336b1a,2015-05-30,"Goiania, Goias, Brazil"
UFC 187: Johnson vs Cormier,http://ufcstats.com/event-details/4f7e290e71d60f87,2015-05-23,"Las Vegas, Nevada, USA"
UFC Fight Night: Edgar vs Faber,http://ufcstats.com/event-details/b1605ea39fba6af6,2015-05-16,"Manila, Philippines"
UFC Fight Night: Miocic vs Hunt,http://ufcstats.com/event-details/8a1b4330c7957961,2015-05-09,"Adelaide, South Australia, Australia"
UFC 186: Johnson vs Horiguchi,http://ufcstats.com/event-details/997b4f52f76a0b53,2015-04-25,"Montreal, Quebec, Canada"
UFC on FOX: Machida vs Rockhold,http://ufcstats.com/event-details/bc7cf284c1c2f16e,2015-04-18,"Newark, New Jersey, USA"
UFC Fight Night: Gonzaga vs Cro Cop 2,http://ufcstats.com/event-details/5de61b03868035ff,2015-04-11,"Krakow, Poland"
UFC Fight Night: Mendes vs Lamas,http://ufcstats.com/event-details/16d09e800ad7ec79,2015-04-04,"Fairfax, Virginia, USA"
UFC Fight Night: Maia vs LaFlare,http://ufcstats.com/event-details/fa534853eb195270,2015-03-21,"Rio de Janeiro, Brazil"
UFC 185: Pettis vs Dos Anjos,http://ufcstats.com/event-details/f54200f1dfb9b5d4,2015-03-14,"Dallas, Texas, USA"
UFC 184: Rousey vs Zingano,http://ufcstats.com/event-details/ad4e9055bf8cd04d,2015-02-28,"Los Angeles, California, USA"
UFC Fight Night: Bigfoot vs Mir,http://ufcstats.com/event-details/0577808d22dfe79c,2015-02-22,"Porto Alegre, Rio Grande do Sul, Brazil"
UFC Fight Night: Henderson vs Thatch,http://ufcstats.com/event-details/f9c7fe2682af3802,2015-02-14,"Broomfield, Colorado, USA"
UFC 183: Silva vs Diaz,http://ufcstats.com/event-details/43563a32c3f10e95,2015-01-31,"Las Vegas, Nevada, USA"
UFC on FOX: Gustafsson vs Johnson,http://ufcstats.com/event-details/706404da0775dcbc,2015-01-24,"Stockholm, Sweden"
UFC Fight Night: McGregor vs Siver,http://ufcstats.com/event-details/f9aa6376ae16bfb4,2015-01-18,"Boston, Massachusetts, USA"
UFC 182: Jones vs Cormier,http://ufcstats.com/event-details/a72d260b436924c4,2015-01-03,"Las Vegas, Nevada, USA"
UFC Fight Night: Machida vs Dollaway,http://ufcstats.com/event-details/4e5bbc4566049cbf,2014-12-20,"Barueri, Sao Paulo, Brazil"
UFC on FOX: Dos Santos vs Miocic,http://ufcstats.com/event-details/d4a12dfa4067742f,2014-12-13,"Phoenix, Arizona, USA"
The Ultimate Fighter: A Champion Will Be Crowned Finale,http://ufcstats.com/event-details/222d6b547de2e035,2014-12-12,"Las Vegas, Nevada, USA"
UFC 181: Hendricks vs Lawler II,http://ufcstats.com/event-details/dfdd0c5dd0d4bc23,2014-12-06,"Las Vegas, Nevada, USA"
UFC Fight Night: Edgar vs Swanson,http://ufcstats.com/event-details/155a02a8b4311057,2014-11-22,"Austin, Texas, USA"
UFC 180: Werdum vs Hunt,http://ufcstats.com/event-details/59851163aaf1aed8,2014-11-15,"Mexico City, Distrito Federal, Mexico"
UFC Fight Night 56: Shogun vs Saint Preux,http://ufcstats.com/event-details/6ca68b636fbc1f18,2014-11-08,"Uberlandia, Minas Gerais, Brazil"
UFC Fight Night: Rockhold vs Bisping,http://ufcstats.com/event-details/371a1c91b24dec2b,2014-11-07,"Sydney, New South Wales, Australia"
UFC 179: Aldo vs Mendes 2,http://ufcstats.com/event-details/53f02bbc41d99432,2014-10-25,"Rio de Janeiro, Brazil"
UFC Fight Night: MacDonald vs Saffiedine,http://ufcstats.com/event-details/0313bf497de9c470,2014-10-04,"Halifax, Nova Scotia, Canada"
UFC Fight Night: Nelson vs Story,http://ufcstats.com/event-details/8dc4f34c1f50d00d,2014-10-04,"Stockholm, Sweden"
UFC 178: Johnson vs Cariaso,http://ufcstats.com/event-details/3bb030257966b022,2014-09-27,"Las Vegas, Nevada, USA"
UFC Fight Night: Hunt vs Nelson,http://ufcstats.com/event-details/2dea80c069847321,2014-09-20,"Saitama, Japan"
UFC Fight Night: Bigfoot vs Arlovski,http://ufcstats.com/event-details/a71feb7ea7592a71,2014-09-13,"Brasilia, Distrito Federal, Brazil"
UFC Fight Night: Jacare vs Mousasi,http://ufcstats.com/event-details/9bcfb40dbcd50568,2014-09-05,"Ledyard, Connecticut, USA"
UFC 177: Dillashaw vs Soto,http://ufcstats.com/event-details/269d103c96a4c3a5,2014-08-30,"Sacramento, California, USA"
UFC Fight Night: Henderson vs Dos Anjos,http://ufcstats.com/event-details/063649e21bc9d6d5,2014-08-23,"Tulsa, Oklahoma, USA"
UFC Fight Night: Bisping vs Le,http://ufcstats.com/event-details/770b9d4813c25902,2014-08-23,"Macau, China"
UFC Fight Night: Bader vs Saint Preux,http://ufcstats.com/event-details/fd7acf42bd6e7e95,2014-08-16,"Bangor, Maine, USA"
UFC on FOX: Lawler vs Brown,http://ufcstats.com/event-details/05fbfe628658c538,2014-07-26,"San Jose, California, USA"
UFC Fight Night: McGregor vs Brandao,http://ufcstats.com/event-details/073eee4e62f0d988,2014-07-19,"Dublin, Leinster, Ireland"
UFC Fight Night: Cowboy vs Miller,http://ufcstats.com/event-details/79ded75550efc139,2014-07-16,"Atlantic City, New Jersey, USA"
The Ultimate Fighter: Team Edgar vs. Team Penn Finale,http://ufcstats.com/event-details/1c5879330d42255f,2014-07-06,"Las Vegas, Nevada, USA"
UFC 175: Weidman vs Machida,http://ufcstats.com/event-details/53adf5b845d91e4a,2014-07-05,"Las Vegas, Nevada, USA"
UFC Fight Night: Swanson vs Stephens,http://ufcstats.com/event-details/c0ed7b208197e8de,2014-06-28,"San Antonio, Texas, USA"
UFC Fight Night: Te Huna vs Marquardt,http://ufcstats.com/event-details/ac9521250dc1a14c,2014-06-28,"Auckland, New Zealand"
UFC 174: Johnson vs Bagautinov,http://ufcstats.com/event-details/5b5307450405abf0,2014-06-14,"Vancouver, British Columbia, Canada"
UFC Fight Night: Henderson vs Khabilov,http://ufcstats.com/event-details/1fcfc3709fe58151,2014-06-07,"Albuquerque, New Mexico, USA"
UFC Fight Night: Miocic vs Maldonado,http://ufcstats.com/event-details/59aaf2730b84698a,2014-05-31,"Sao Paulo, Brazil"
UFC Fight Night: Munoz vs Mousasi,http://ufcstats.com/event-details/b757c73f443d4fca,2014-05-31,"Berlin, Germany"
UFC 173: Barao vs Dillashaw,http://ufcstats.com/event-details/9ca265dfe8323db3,2014-05-24,"Las Vegas, Nevada, USA"
UFC Fight Night: Brown vs Silva,http://ufcstats.com/event-details/579fcdfcabd23a7b,2014-05-10,"Cincinnati, Ohio, USA"
UFC 172: Jones vs Teixeira,http://ufcstats.com/event-details/4f2fcbefb668689d,2014-04-26,"Baltimore, Maryland, USA"
UFC on FOX: Werdum vs Browne,http://ufcstats.com/event-details/a421465acbe59c77,2014-04-19,"Orlando, Florida, USA"
UFC Fight Night: Bisping vs Kennedy,http://ufcstats.com/event-details/f9f07bb5a43535ed,2014-04-16,"Quebec City, Quebec, Canada"
UFC Fight Night: Minotauro vs Nelson,http://ufcstats.com/event-details/d632d156c0549e07,2014-04-11,"Abu Dhabi, United Arab Emirates"
UFC Fight Night: Shogun vs Henderson 2,http://ufcstats.com/event-details/d5f820c11a121050,2014-03-23,"Natal, Rio Grande do Norte, Brazil"
UFC 171: Hendricks vs Lawler,http://ufcstats.com/event-details/179f1948dc234f1f,2014-03-15,"Dallas, Texas, USA"
UFC Fight Night: Gustafsson vs Manuwa,http://ufcstats.com/event-details/ebc1f40e00e0c481,2014-03-08,"London, England, United Kingdom"
UFC Fight Night: Kim vs Hathaway,http://ufcstats.com/event-details/a26198ba5093147e,2014-03-01,"Macau, China"
UFC 170: Rousey vs McMann,http://ufcstats.com/event-details/3138fab619faf4d1,2014-02-22,"Las Vegas, Nevada, USA"
UFC Fight Night: Machida vs Mousasi,http://ufcstats.com/event-details/51b0bb73a1da34bc,2014-02-15,"Jaragua do Sul, Santa Catarina, Brazil"
UFC 169: Barao vs Faber 2,http://ufcstats.com/event-details/fc31f896cde2bc2e,2014-02-01,"Newark, New Jersey, USA"
UFC on FOX: Henderson vs Thomson,http://ufcstats.com/event-details/a8d521d913df4e31,2014-01-25,"Chicago, Illinois, USA"
UFC Fight Night: Rockhold vs Philippou,http://ufcstats.com/event-details/30a09e43f15f1d75,2014-01-15,"Duluth, Georgia, USA"
UFC Fight Night: Saffiedine vs Lim,http://ufcstats.com/event-details/e5c9de15bb58b1c6,2014-01-04,"Singapore, Singapore"
UFC 168: Weidman vs Silva 2,http://ufcstats.com/event-details/83d0de122f2f9664,2013-12-28,"Las Vegas, Nevada, USA"
UFC on FOX: Johnson vs. Benavidez 2,http://ufcstats.com/event-details/480b702debcb5433,2013-12-14,"Sacramento, California, USA"
UFC Fight Night: Hunt vs Bigfoot,http://ufcstats.com/event-details/ee457ef1e1c326c1,2013-12-06,"Brisbane, Queensland, Australia"
The Ultimate Fighter: Team Rousey vs. Team Tate Finale,http://ufcstats.com/event-details/9a967e8e43dcef63,2013-11-30,"Las Vegas, Nevada, USA"
UFC 167: St-Pierre vs Hendricks,http://ufcstats.com/event-details/28f3c2258a1d8874,2013-11-16,"Las Vegas, Nevada, USA"
UFC Fight Night: Belfort vs Henderson 2,http://ufcstats.com/event-details/5d7c18191b8aa432,2013-11-09,"Goiania, Goias, Brazil"
UFC Fight Night: Fight for the Troops 3,http://ufcstats.com/event-details/35dc6220b113b7ec,2013-11-06,"Fort Campbell, Kentucky, USA"
UFC Fight Night: Machida vs Munoz,http://ufcstats.com/event-details/60884f31ead1609c,2013-10-26,"Manchester, England, United Kingdom"
UFC 166: Velasquez vs Dos Santos 3,http://ufcstats.com/event-details/eae4aec1a5a8ff01,2013-10-19,"Houston, Texas, USA"
UFC Fight Night: Maia vs Shields,http://ufcstats.com/event-details/43612456979e5d5e,2013-10-09,"Barueri, Sao Paulo, Brazil"
UFC 165: Jones vs Gustafsson,http://ufcstats.com/event-details/df5a77121ba84a5d,2013-09-21,"Toronto, Ontario, Canada"
UFC Fight Night: Teixeira vs Bader,http://ufcstats.com/event-details/b23fca14c7b79935,2013-09-04,"Belo Horizonte, Minas Gerais, Brazil"
UFC 164: Henderson vs Pettis 2,http://ufcstats.com/event-details/980b4e712489098e,2013-08-31,"Milwaukee, Wisconsin, USA"
UFC Fight Night: Condit vs Kampmann 2,http://ufcstats.com/event-details/e5c38954c006f15c,2013-08-28,"Indianapolis, Indiana, USA"
UFC Fight Night: Shogun vs Sonnen,http://ufcstats.com/event-details/cf1a88371c8cb690,2013-08-17,"Boston, Massachusetts, USA"
UFC 163: Aldo vs Jung,http://ufcstats.com/event-details/ebc5af72ad5a28cb,2013-08-03,"Rio de Janeiro, Brazil"
UFC on FOX: Johnson vs Moraga,http://ufcstats.com/event-details/5330fe7e4c3af81c,2013-07-27,"Seattle, Washington, USA"
UFC 162: Silva vs Weidman,http://ufcstats.com/event-details/e0b74df14f52cd15,2013-07-06,"Las Vegas, Nevada, USA"
UFC 161: Evans vs Henderson,http://ufcstats.com/event-details/8fd1f27e86661ede,2013-06-15,"Winnipeg, Manitoba, Canada"
UFC on FUEL TV: Nogueira vs. Werdum,http://ufcstats.com/event-details/7865707fd684d77b,2013-06-08,"Fortaleza, Ceara, Brazil"
UFC 160: Velasquez vs Silva 2,http://ufcstats.com/event-details/3c241737a6069b9f,2013-05-25,"Las Vegas, Nevada, USA"
UFC on FX: Belfort vs. Rockhold,http://ufcstats.com/event-details/030f08370fd1c2bb,2013-05-18,"Jaragua do Sul, Santa Catarina, Brazil"
UFC 159: Jones vs Sonnen,http://ufcstats.com/event-details/ea0ad155451ed1f5,2013-04-27,"Newark, New Jersey, USA"
UFC on FOX: Henderson vs Melendez,http://ufcstats.com/event-details/aa79d5399571068e,2013-04-20,"San Jose, California, USA"
The Ultimate Fighter: Team Jones vs. Team Sonnen Finale,http://ufcstats.com/event-details/ce47f49e5c386a9c,2013-04-13,"Las Vegas, Nevada, USA"
UFC on FUEL TV: Mousasi vs Latifi,http://ufcstats.com/event-details/6291ac0a3726732f,2013-04-06,"Stockholm, Sweden"
UFC 158: St-Pierre vs Diaz,http://ufcstats.com/event-details/f1b2a4365799c48b,2013-03-16,"Montreal, Quebec, Canada"
UFC on FUEL TV: Silva vs. Stann,http://ufcstats.com/event-details/83c6c3e0f8bde8ee,2013-03-02,"Saitama, Japan"
UFC 157: Rousey vs Carmouche,http://ufcstats.com/event-details/09c44b317c98bf96,2013-02-23,"Anaheim, California, USA"
UFC on FUEL TV: Barao vs McDonald,http://ufcstats.com/event-details/4679a38cced7c64a,2013-02-16,"London, England, United Kingdom"
UFC 156: Aldo vs Edgar,http://ufcstats.com/event-details/601cf40c09090853,2013-02-02,"Las Vegas, Nevada, USA"
UFC on FOX: Johnson vs Dodson,http://ufcstats.com/event-details/738acab0c6934dd8,2013-01-26,"Chicago, Illinois, USA"
UFC on FX: Belfort vs Bisping,http://ufcstats.com/event-details/56f4b81ec4db61af,2013-01-19,"Sao Paulo, Brazil"
UFC 155: Dos Santos vs Velasquez II,http://ufcstats.com/event-details/c6e6926a81adcd00,2012-12-29,"Las Vegas, Nevada, USA"
The Ultimate Fighter: Team Carwin vs. Team Nelson Finale,http://ufcstats.com/event-details/c6da1c24fe473418,2012-12-15,"Las Vegas, Nevada, USA"
UFC on FX: Sotiropoulos vs Pearson,http://ufcstats.com/event-details/e8c170a64dc920ac,2012-12-14,"Gold Coast, Queensland, Australia"
UFC on FOX: Henderson vs Diaz,http://ufcstats.com/event-details/d1e6a6536ee62517,2012-12-08,"Seattle, Washington, USA"
UFC 154: St-Pierre vs Condit,http://ufcstats.com/event-details/d41937647eae9a34,2012-11-17,"Montreal, Quebec, Canada"
UFC Macao: Franklin vs Le,http://ufcstats.com/event-details/319fa1bd3176bded,2012-11-10,"Macau, China"
UFC 153: Silva vs Bonnar,http://ufcstats.com/event-details/96d173b7f92aa520,2012-10-13,"Rio de Janeiro, Brazil"
UFC on FX: Browne vs Bigfoot,http://ufcstats.com/event-details/6a0b80a24f22e152,2012-10-05,"Minneapolis, Minnesota, USA"
UFC on FUEL TV: Struve vs Miocic,http://ufcstats.com/event-details/6cbb7661c3258617,2012-09-29,"Nottingham, England, United Kingdom"
UFC 152: Jones vs Belfort,http://ufcstats.com/event-details/53e533db1b8e9712,2012-09-22,"Toronto, Ontario, Canada"
UFC 150: Henderson vs Edgar II,http://ufcstats.com/event-details/3c48019bc387b80c,2012-08-11,"Denver, Colorado, USA"
UFC on FOX: Shogun vs Vera,http://ufcstats.com/event-details/f62850b3c7480db9,2012-08-04,"Los Angeles, California, USA"
UFC 149: Faber vs Barao,http://ufcstats.com/event-details/abbc4fc02e0d84b3,2012-07-21,"Calgary, Alberta, Canada"
UFC on FUEL TV: Munoz vs Weidman,http://ufcstats.com/event-details/d3b5ad3b15a64a18,2012-07-11,"San Jose, California, USA"
UFC 148: Silva vs Sonnen 2,http://ufcstats.com/event-details/e8efeb9cf33b1941,2012-07-07,"Las Vegas, Nevada, USA"
UFC 147: Silva vs Franklin 2,http://ufcstats.com/event-details/3da19339ee7051d5,2012-06-23,"Belo Horizonte, Minas Gerais, Brazil"
UFC on FX: Maynard vs Guida,http://ufcstats.com/event-details/505934897b8b4824,2012-06-22,"Atlantic City, New Jersey, USA"
UFC on FX: Johnson vs McCall,http://ufcstats.com/event-details/49590e0508b2c19f,2012-06-08,"Sunrise, Florida, USA"
The Ultimate Fighter: Live Finale,http://ufcstats.com/event-details/96087e90d900f0ef,2012-06-01,"Las Vegas, Nevada, USA"
UFC 146: Dos Santos vs Mir,http://ufcstats.com/event-details/4985113c0928aa62,2012-05-26,"Las Vegas, Nevada, USA"
UFC on FUEL TV: Korean Zombie vs Poirier,http://ufcstats.com/event-details/8caca5857ce0e30b,2012-05-15,"Fairfax, Virginia, USA"
UFC on FOX: Diaz vs Miller,http://ufcstats.com/event-details/5898357a45a73674,2012-05-05,"East Rutherford, New Jersey, USA"
UFC 145: Jones vs Evans,http://ufcstats.com/event-details/155bfc7ed36622df,2012-04-21,"Atlanta, Georgia, USA"
UFC on FUEL TV: Gustafsson vs Silva,http://ufcstats.com/event-details/21f2974fd08085e3,2012-04-14,"Stockholm, Sweden"
UFC on FX: Alves vs Kampmann,http://ufcstats.com/event-details/b5ea750025697880,2012-03-02,"Sydney, New South Wales, Australia"
UFC 144: Edgar vs Henderson,http://ufcstats.com/event-details/8377c5572cb356f3,2012-02-25,"Saitama, Japan"
UFC on FUEL TV: Sanchez vs Ellenberger,http://ufcstats.com/event-details/0a97691039c4bbfb,2012-02-15,"Omaha, Nebraska, USA"
UFC 143: Diaz vs Condit,http://ufcstats.com/event-details/df2cf66d8c0123db,2012-02-04,"Las Vegas, Nevada, USA"
UFC on FOX: Evans vs Davis,http://ufcstats.com/event-details/c3c23c99477c041b,2012-01-28,"Chicago, Illinois, USA"
UFC on FX: Guillard vs Miller,http://ufcstats.com/event-details/4d74641fac830182,2012-01-20,"Nashville, Tennessee, USA"
UFC 142: Aldo vs Mendes,http://ufcstats.com/event-details/18524b46c570730b,2012-01-14,"Rio de Janeiro, Brazil"
UFC 141: Lesnar vs Overeem,http://ufcstats.com/event-details/91720876db0ee468,2011-12-30,"Las Vegas, Nevada, USA"
UFC 140: Jones vs Machida,http://ufcstats.com/event-details/6d7886b094b471ac,2011-12-10,"Toronto, Ontario, Canada"
The Ultimate Fighter: Team Bisping vs Team Miller Finale,http://ufcstats.com/event-details/1f5f75658551f2d3,2011-12-03,"Las Vegas, Nevada, USA"
UFC 139: Shogun vs Henderson,http://ufcstats.com/event-details/0ec821423baa26bd,2011-11-19,"San Jose, California, USA"
UFC on FOX: Velasquez vs Dos Santos,http://ufcstats.com/event-details/1c061eb6e29eaa0a,2011-11-12,"Anaheim, California, USA"
UFC 138: Leben vs Munoz,http://ufcstats.com/event-details/e780ccc79a209985,2011-11-05,"Birmingham, England, United Kingdom"
UFC 137: Penn vs Diaz,http://ufcstats.com/event-details/8788beb528894f33,2011-10-29,"Las Vegas, Nevada, USA"
UFC 136: Edgar vs Maynard 3,http://ufcstats.com/event-details/7d5b12de1625984e,2011-10-08,"Houston, Texas, USA"
UFC Live: Cruz vs Johnson,http://ufcstats.com/event-details/44f9c777fed7ca03,2011-10-01,"Washington, DC, USA"
UFC 135: Jones vs Rampage,http://ufcstats.com/event-details/73ef22f25d0f70e2,2011-09-24,"Denver, Colorado, USA"
UFC Fight Night: Shields vs Ellenberger,http://ufcstats.com/event-details/1ffc38f67785797b,2011-09-17,"New Orleans, Louisiana, USA"
UFC 134: Silva vs Okami,http://ufcstats.com/event-details/18968f97ad34f15c,2011-08-27,"Rio de Janeiro, Brazil"
UFC Live: Hardy vs Lytle,http://ufcstats.com/event-details/4c8d6fde2dde07c4,2011-08-14,"Milwaukee, Wisconsin, USA"
UFC 133: Evans vs Ortiz 2,http://ufcstats.com/event-details/f1f9e48a0d150757,2011-08-06,"Philadelphia, Pennsylvania, USA"
UFC 132: Cruz vs Faber,http://ufcstats.com/event-details/83fd97284f4bb4a4,2011-07-02,"Las Vegas, Nevada, USA"
UFC Live: Kongo vs Barry,http://ufcstats.com/event-details/d023ae89a2a4a41e,2011-06-26,"Pittsburgh, Pennsylvania, USA"
UFC 131: Dos Santos vs Carwin,http://ufcstats.com/event-details/aac5ac38148f0528,2011-06-11,"Vancouver, British Columbia, Canada"
The Ultimate Fighter: Team Lesnar vs Team dos Santos Finale,http://ufcstats.com/event-details/3ba3b5cc94498437,2011-06-04,"Las Vegas, Nevada, USA"
UFC 130: Rampage vs Hamill,http://ufcstats.com/event-details/b732b326c362fb62,2011-05-28,"Las Vegas, Nevada, USA"
UFC 129: St-Pierre vs Shields,http://ufcstats.com/event-details/2db7fa8db6bc9632,2011-04-30,"Toronto, Ontario, Canada"
UFC Fight Night: Nogueira vs Davis,http://ufcstats.com/event-details/8a59d346dc976a10,2011-03-26,"Seattle, Washington, USA"
UFC 128: Shogun vs Jones,http://ufcstats.com/event-details/1411c630ba711b64,2011-03-19,"Newark, New Jersey, USA"
UFC Live: Sanchez vs Kampmann,http://ufcstats.com/event-details/a54fc2d6fc224dc3,2011-03-03,"Louisville, Kentucky, USA"
UFC 127: Penn vs Fitch,http://ufcstats.com/event-details/88a9bc81271ccd89,2011-02-26,"Sydney, New South Wales, Australia"
UFC 126: Silva vs Belfort,http://ufcstats.com/event-details/65ddc8a9ac4e8531,2011-02-05,"Las Vegas, Nevada, USA"
UFC Fight Night: Fight for the Troops 2,http://ufcstats.com/event-details/282fa667ff9c51ed,2011-01-22,"Killeen, Texas, USA"
UFC 125: Resolution,http://ufcstats.com/event-details/d1152823307d7e7c,2011-01-01,"Las Vegas, Nevada, USA"
UFC 124: St-Pierre vs Koscheck 2,http://ufcstats.com/event-details/132f860d02953f4c,2010-12-11,"Montreal, Quebec, Canada"
The Ultimate Fighter: Team GSP vs Team Koscheck Finale,http://ufcstats.com/event-details/5d7bdab5e03e3216,2010-12-04,"Las Vegas, Nevada, USA"
UFC 123: Rampage vs Machida,http://ufcstats.com/event-details/dd992d569aaebee6,2010-11-20,"Auburn Hills, Michigan, USA"
UFC 122: Marquardt vs Okami,http://ufcstats.com/event-details/0ff11cc094e887bc,2010-11-13,"Oberhausen, North Rhine-Westphalia, Germany"
UFC 121: Lesnar vs Velasquez,http://ufcstats.com/event-details/afdb76fbd86f6d11,2010-10-23,"Anaheim, California, USA"
UFC 120: Bisping vs Akiyama,http://ufcstats.com/event-details/d512d9f204059f57,2010-10-16,"London, England, United Kingdom"
UFC 119: Mir vs Cro Cop,http://ufcstats.com/event-details/ad32471f01e7b1a5,2010-09-25,"Indianapolis, Indiana, USA"
UFC Fight Night: Marquardt vs Palhares,http://ufcstats.com/event-details/acff437707625fc7,2010-09-15,"Austin, Texas, USA"
UFC 118: Edgar vs Penn 2,http://ufcstats.com/event-details/054defd5420a551f,2010-08-28,"Boston, Massachusetts, USA"
UFC 117: Silva vs Sonnen,http://ufcstats.com/event-details/2f3f12002564bb55,2010-08-07,"Oakland, California, USA"
UFC Live: Jones vs Matyushenko,http://ufcstats.com/event-details/f12f979b657ab876,2010-08-01,"San Diego, California, USA"
UFC 116: Lesnar vs Carwin,http://ufcstats.com/event-details/140745cbbcb023ac,2010-07-03,"Las Vegas, Nevada, USA"
The Ultimate Fighter: Team Liddell vs Team Ortiz Finale,http://ufcstats.com/event-details/9bcf8603ceb25680,2010-06-19,"Las Vegas, Nevada, USA"
UFC 115: Liddell vs Franklin,http://ufcstats.com/event-details/cfb65863d5099327,2010-06-12,"Vancouver, British Columbia, Canada"
UFC 114: Rampage vs Evans,http://ufcstats.com/event-details/bfc2fc38a0e20211,2010-05-29,"Las Vegas, Nevada, USA"
UFC 113: Machida vs Shogun 2,http://ufcstats.com/event-details/d0c29452d3272603,2010-05-08,"Montreal, Quebec, Canada"
UFC 112: Invincible,http://ufcstats.com/event-details/24b033b3daf1c9df,2010-04-10,"Abu Dhabi, United Arab Emirates"
UFC Fight Night: Florian vs Gomi,http://ufcstats.com/event-details/3ed134d85dfbd7b4,2010-03-31,"Charlotte, North Carolina, USA"
UFC 111: St-Pierre vs Hardy,http://ufcstats.com/event-details/c80095f6092271a7,2010-03-27,"Newark, New Jersey, USA"
UFC Live: Vera vs Jones,http://ufcstats.com/event-details/3795fca327cbcf23,2010-03-21,"Broomfield, Colorado, USA"
UFC 110: Nogueira vs Velasquez,http://ufcstats.com/event-details/49efbdc6c9f650c4,2010-02-20,"Sydney, New South Wales, Australia"
UFC 109: Relentless,http://ufcstats.com/event-details/15edcf67ccf5be84,2010-02-06,"Las Vegas, Nevada, USA"
UFC Fight Night: Maynard vs Diaz,http://ufcstats.com/event-details/58bc81376286b3d3,2010-01-11,"Fairfax, Virginia, USA"
UFC 108: Evans vs Silva,http://ufcstats.com/event-details/a6d8bfe9e0c8153b,2010-01-02,"Las Vegas, Nevada, USA"
UFC 107: Penn vs Sanchez,http://ufcstats.com/event-details/821cd80aab70d5f9,2009-12-12,"Memphis, Tennessee, USA"
The Ultimate Fighter: Heavyweights Finale,http://ufcstats.com/event-details/91d73ee59347ac16,2009-12-05,"Las Vegas, Nevada, USA"
UFC 106: Ortiz vs Griffin 2,http://ufcstats.com/event-details/84a067c46306a737,2009-11-21,"Las Vegas, Nevada, USA"
UFC 105: Couture vs Vera,http://ufcstats.com/event-details/fa8b9e6b0c2269f8,2009-11-14,"Manchester, England, United Kingdom"
UFC 104: Machida vs Shogun,http://ufcstats.com/event-details/7c0847d3854a95f2,2009-10-24,"Los Angeles, California, USA"
UFC 103: Franklin vs Belfort,http://ufcstats.com/event-details/896c322f56b8be5a,2009-09-19,"Dallas, Texas, USA"
UFC Fight Night: Diaz vs Guillard,http://ufcstats.com/event-details/a8ea84cbe1655f0a,2009-09-16,"Oklahoma City, Oklahoma, USA"
UFC 102: Couture vs Nogueira,http://ufcstats.com/event-details/c6a33ff198aaaeeb,2009-08-29,"Portland, Oregon, USA"
UFC 101: Declaration,http://ufcstats.com/event-details/48d1f690b763934c,2009-08-08,"Philadelphia, Pennsylvania, USA"
UFC 100,http://ufcstats.com/event-details/0ee783aa00e468f0,2009-07-11,"Las Vegas, Nevada, USA"
The Ultimate Fighter: United States vs. United Kingdom Finale,http://ufcstats.com/event-details/4908c5ee68a50ee5,2009-06-20,"Las Vegas, Nevada, USA"
UFC 99: The Comeback,http://ufcstats.com/event-details/cb6783c39c01d896,2009-06-13,"Cologne, North Rhine-Westphalia, Germany"
UFC 98: Evans vs Machida,http://ufcstats.com/event-details/c4b6099f0d25f75e,2009-05-23,"Las Vegas, Nevada, USA"
UFC 97: Redemption,http://ufcstats.com/event-details/1652f3213655b935,2009-04-18,"Montreal, Quebec, Canada"
UFC Fight Night: Condit vs Kampmann,http://ufcstats.com/event-details/04d5718ed2661e8c,2009-04-01,"Nashville, Tennessee, USA"
UFC 96: Jackson vs Jardine,http://ufcstats.com/event-details/29b5791e51e7e832,2009-03-07,"Columbus, Ohio, USA"
UFC 95: Sanchez vs Stevenson,http://ufcstats.com/event-details/7d21de9c6d7c98b2,2009-02-21,"London, England, United Kingdom"
UFC Fight Night: Lauzon vs Stephens,http://ufcstats.com/event-details/d1759b2b7be9be56,2009-02-07,"Tampa, Florida, USA"
UFC 94: St-Pierre vs Penn 2,http://ufcstats.com/event-details/2a542ee8a8b83559,2009-01-31,"Las Vegas, Nevada, USA"
UFC 93: Franklin vs Henderson,http://ufcstats.com/event-details/68c6cd5287b473a7,2009-01-17,"Dublin, Leinster, Ireland"
UFC 92: The Ultimate 2008,http://ufcstats.com/event-details/23ab42947c1990e3,2008-12-27,"Las Vegas, Nevada, USA"
The Ultimate Fighter: Team Nogueira vs. Team Mir Finale,http://ufcstats.com/event-details/ea398c802d9998ee,2008-12-13,"Las Vegas, Nevada, USA"
UFC Fight Night - Fight for the Troops,http://ufcstats.com/event-details/30cd319d39ee689b,2008-12-10,"Fayetteville, North Carolina, USA"
UFC 91: Couture vs Lesnar,http://ufcstats.com/event-details/a2b06ca02bca14c0,2008-11-15,"Las Vegas, Nevada, USA"
UFC 90: Silva vs Cote,http://ufcstats.com/event-details/c670aa48827d6be6,2008-10-25,"Rosemont, Illinois, USA"
UFC 89: Bisping vs Leben,http://ufcstats.com/event-details/312f47c3d2f83ffa,2008-10-18,"Birmingham, England, United Kingdom"
UFC Fight Night: Diaz vs Neer,http://ufcstats.com/event-details/279093302a6f44b3,2008-09-17,"Omaha, Nebraska, USA"
UFC 88: Breakthrough,http://ufcstats.com/event-details/0db70ca89e1c7374,2008-09-06,"Atlanta, Georgia, USA"
UFC 87: Seek And Destroy,http://ufcstats.com/event-details/19ffeb5e3fffd6d5,2008-08-09,"Minneapolis, Minnesota, USA"
UFC: Silva vs Irvin,http://ufcstats.com/event-details/46f11d15c0134fe3,2008-07-19,"Las Vegas, Nevada, USA"
UFC 86: Jackson vs Griffin,http://ufcstats.com/event-details/bf12aca029bfcc47,2008-07-05,"Las Vegas, Nevada, USA"
The Ultimate Fighter: Team Rampage vs Team Forrest Finale,http://ufcstats.com/event-details/2299605af59fd309,2008-06-21,"Las Vegas, Nevada, USA"
UFC 85: Bedlam,http://ufcstats.com/event-details/2efbc83a6b9b7f86,2008-06-07,"London, England, United Kingdom"
UFC 84: Ill Will,http://ufcstats.com/event-details/2549d63da9c456cb,2008-05-24,"Las Vegas, Nevada, USA"
UFC 83: Serra vs St-Pierre 2,http://ufcstats.com/event-details/ad047e3073a775f3,2008-04-19,"Montreal, Quebec, Canada"
UFC Fight Night: Florian vs Lauzon,http://ufcstats.com/event-details/b9e871af730f826c,2008-04-02,"Broomfield, Colorado, USA"
UFC 82: Pride of a Champion,http://ufcstats.com/event-details/598a58db87b890ee,2008-03-01,"Columbus, Ohio, USA"
UFC 81: Breaking Point,http://ufcstats.com/event-details/597db668b01c442c,2008-02-02,"Las Vegas, Nevada, USA"
UFC Fight Night: Swick vs Burkman,http://ufcstats.com/event-details/33e33d51f289d2a1,2008-01-23,"Las Vegas, Nevada, USA"
UFC 80: Rapid Fire,http://ufcstats.com/event-details/a24e080000fa7a35,2008-01-19,"Newcastle, England, United Kingdom"
UFC 79: Nemesis,http://ufcstats.com/event-details/7269329bd87eb479,2007-12-29,"Las Vegas, Nevada, USA"
The Ultimate Fighter: Team Hughes vs. Team Serra Finale,http://ufcstats.com/event-details/df85d6ec3493d120,2007-12-08,"Las Vegas, Nevada, USA"
UFC 78: Validation,http://ufcstats.com/event-details/1d147d4163a6989b,2007-11-17,"Newark, New Jersey, USA"
UFC 77: Hostile Territory,http://ufcstats.com/event-details/91181b29be041f1c,2007-10-20,"Cincinnati, Ohio, USA"
UFC 76: Knockout,http://ufcstats.com/event-details/bad28b7b34f334de,2007-09-22,"Anaheim, California, USA"
UFC Fight Night: Thomas vs Florian,http://ufcstats.com/event-details/f341f9551ba744e2,2007-09-19,"Las Vegas, Nevada, USA"
UFC 75: Champion vs Champion,http://ufcstats.com/event-details/0aa92558424ced9e,2007-09-08,"London, England, United Kingdom"
UFC 74: Respect,http://ufcstats.com/event-details/a5c53b3ddb31cc7d,2007-08-25,"Las Vegas, Nevada, USA"
UFC 73: Stacked,http://ufcstats.com/event-details/2a6f8136da1e52c0,2007-07-07,"Sacramento, California, USA"
The Ultimate Fighter: Team Pulver vs. Team Penn Finale,http://ufcstats.com/event-details/e7ec11096eac0282,2007-06-23,"Las Vegas, Nevada, USA"
UFC 72: Victory,http://ufcstats.com/event-details/5ca158b1cc9cb242,2007-06-16,"Belfast, Northern Ireland, United Kingdom"
UFC Fight Night: Stout vs Fisher,http://ufcstats.com/event-details/304fcd812f12c589,2007-06-12,"Hollywood, Florida, USA"
UFC 71: Liddell vs Jackson,http://ufcstats.com/event-details/2e04a3b4a2011b97,2007-05-26,"Las Vegas, Nevada, USA"
UFC 70: Nations Collide,http://ufcstats.com/event-details/4604ab1de9058474,2007-04-21,"Manchester, England, United Kingdom"
UFC 69: Shootout,http://ufcstats.com/event-details/c1684f00c626f4c0,2007-04-07,"Houston, Texas, USA"
UFC Fight Night: Stevenson vs Guillard,http://ufcstats.com/event-details/a6c2f5381d575920,2007-04-05,"Las Vegas, Nevada, USA"
UFC 68: The Uprising,http://ufcstats.com/event-details/de3ed2e152520c8d,2007-03-03,"Columbus, Ohio, USA"
UFC 67: All or Nothing,http://ufcstats.com/event-details/63b65af1c5cb02cb,2007-02-03,"Las Vegas, Nevada, USA"
UFC Fight Night: Evans vs Salmon,http://ufcstats.com/event-details/13c4313ed0f744f3,2007-01-25,"Hollywood, Florida, USA"
UFC 66: Liddell vs Ortiz 2,http://ufcstats.com/event-details/ee5df903f80c6816,2006-12-30,"Las Vegas, Nevada, USA"
UFC Fight Night: Sanchez vs Riggs,http://ufcstats.com/event-details/21b8a0f5c231096f,2006-12-13,"San Diego, California, USA"
UFC 65: Bad Intentions,http://ufcstats.com/event-details/3fed746acfd026dd,2006-11-18,"Sacramento, California, USA"
The Ultimate Fighter: The Comeback Finale,http://ufcstats.com/event-details/baf942f4bcb09894,2006-11-11,"Las Vegas, Nevada, USA"
UFC 64: Unstoppable,http://ufcstats.com/event-details/13b2f59210dda9cc,2006-10-14,"Las Vegas, Nevada, USA"
Ortiz vs Shamrock 3: The Final Chapter,http://ufcstats.com/event-details/577ec7e108b94be3,2006-10-10,"Hollywood, Florida, USA"
UFC 63: Hughes vs Penn,http://ufcstats.com/event-details/13e62d766b709aa6,2006-09-23,"Anaheim, California, USA"
UFC 62: Liddell vs Sobral,http://ufcstats.com/event-details/f717b6002486f73f,2006-08-26,"Las Vegas, Nevada, USA"
UFC Fight Night 6,http://ufcstats.com/event-details/46c8ec317aff28ac,2006-08-17,"Las Vegas, Nevada, USA"
UFC 61: Bitter Rivals,http://ufcstats.com/event-details/f70144caea5c4c80,2006-07-08,"Las Vegas, Nevada, USA"
UFC Fight Night 5,http://ufcstats.com/event-details/445a98acb8985970,2006-06-28,"Las Vegas, Nevada, USA"
The Ultimate Fighter: Team Ortiz vs. Team Shamrock Finale,http://ufcstats.com/event-details/1dab0d1d81dd06db,2006-06-24,"Las Vegas, Nevada, USA"
UFC 60: Hughes vs Gracie,http://ufcstats.com/event-details/a54a35a670d8e852,2006-05-27,"Los Angeles, California, USA"
UFC 59: Reality Check,http://ufcstats.com/event-details/03688dc3c3af3ac1,2006-04-15,"Anaheim, California, USA"
UFC Fight Night 4,http://ufcstats.com/event-details/b361180739bed4b0,2006-04-06,"Las Vegas, Nevada, USA"
UFC 58: USA vs Canada,http://ufcstats.com/event-details/0e9869d712e81f8f,2006-03-04,"Las Vegas, Nevada, USA"
UFC 57: Liddell vs Couture 3,http://ufcstats.com/event-details/977081bc01197656,2006-02-04,"Las Vegas, Nevada, USA"
UFC Fight Night 3,http://ufcstats.com/event-details/2ee09ec2a0695eb9,2006-01-16,"Las Vegas, Nevada, USA"
UFC 56: Full Force,http://ufcstats.com/event-details/c7e9d15cfce52f1d,2005-11-19,"Las Vegas, Nevada, USA"
The Ultimate Fighter: Team Hughes vs. Team Franklin Finale,http://ufcstats.com/event-details/31ceaf0e670c1578,2005-11-05,"Las Vegas, Nevada, USA"
UFC 55: Fury,http://ufcstats.com/event-details/271fe91f4ba9d2c5,2005-10-07,"Uncasville, Connecticut, USA"
UFC Fight Night 2,http://ufcstats.com/event-details/efaf544314bb5c2e,2005-10-03,"Las Vegas, Nevada, USA"
UFC 54: Boiling Point,http://ufcstats.com/event-details/669a3cb6e394f515,2005-08-20,"Las Vegas, Nevada, USA"
UFC Fight Night 1,http://ufcstats.com/event-details/3f24c96753dbd9f9,2005-08-06,"Las Vegas, Nevada, USA"
UFC 53: Heavy Hitters,http://ufcstats.com/event-details/d3711d3784b76255,2005-06-04,"Atlantic City, New Jersey, USA"
UFC 52: Couture vs Liddell 2,http://ufcstats.com/event-details/c933d423ebdbbbdb,2005-04-16,"Las Vegas, Nevada, USA"
The Ultimate Fighter: Team Couture vs. Team Liddell Finale,http://ufcstats.com/event-details/fbbde91f7bc2d3c5,2005-04-09,"Las Vegas, Nevada, USA"
UFC 51: Super Saturday,http://ufcstats.com/event-details/85d905f7c4f5a1af,2005-02-05,"Las Vegas, Nevada, USA"
UFC 50: The War Of '04,http://ufcstats.com/event-details/ce783bf73b5131f9,2004-10-22,"Atlantic City, New Jersey, USA"
UFC 49: Unfinished Business,http://ufcstats.com/event-details/b4bc2e3353a770b5,2004-08-21,"Las Vegas, Nevada, USA"
UFC 48: Payback,http://ufcstats.com/event-details/429e7d3725852ce9,2004-06-19,"Las Vegas, Nevada, USA"
UFC 47: It's On!,http://ufcstats.com/event-details/e8fb8e53bc2e29d6,2004-04-02,"Las Vegas, Nevada, USA"
UFC 46: Supernatural,http://ufcstats.com/event-details/94609dd91731d428,2004-01-31,"Las Vegas, Nevada, USA"
UFC 45: Revolution,http://ufcstats.com/event-details/e670f8cc2969a789,2003-11-21,"Uncasville, Connecticut, USA"
UFC 44: Undisputed,http://ufcstats.com/event-details/c61f66d8c3fd5f07,2003-09-26,"Las Vegas, Nevada, USA"
UFC 43: Meltdown,http://ufcstats.com/event-details/108afe61a26bcbf4,2003-06-06,"Las Vegas, Nevada, USA"
UFC 42: Sudden Impact,http://ufcstats.com/event-details/ae58685caf8e4a0d,2003-04-25,"Miami, Florida, USA"
UFC 41: Onslaught,http://ufcstats.com/event-details/bba678d312590087,2003-02-28,"Atlantic City, New Jersey, USA"
UFC 40: Vendetta,http://ufcstats.com/event-details/e06fd1260ac865a7,2002-11-22,"Las Vegas, Nevada, USA"
UFC 39: The Warriors Return,http://ufcstats.com/event-details/0cf935519d439ba6,2002-09-27,"Uncasville, Connecticut, USA"
UFC 38: Brawl at the Hall,http://ufcstats.com/event-details/1dc56b59cb28425d,2002-07-13,"London, England, United Kingdom"
UFC 37.5: As Real As It Gets,http://ufcstats.com/event-details/9ccdd2ce45903f34,2002-06-22,"Las Vegas, Nevada, USA"
UFC 37: High Impact,http://ufcstats.com/event-details/9fd1f08dd4aec14a,2002-05-10,"Bossier City, Louisiana, USA"
UFC 36: Worlds Collide,http://ufcstats.com/event-details/02fc8f50f56eb307,2002-03-22,"Las Vegas, Nevada, USA"
UFC 35: Throwdown,http://ufcstats.com/event-details/946f341df6472ee0,2002-01-11,"Uncasville, Connecticut, USA"
UFC 34: High Voltage,http://ufcstats.com/event-details/4dc496aa0cfc0d95,2001-11-02,"Las Vegas, Nevada, USA"
UFC 33: Victory in Vegas,http://ufcstats.com/event-details/c75b99887c8c3f5a,2001-09-28,"Las Vegas, Nevada, USA"
UFC 32: Showdown in the Meadowlands,http://ufcstats.com/event-details/7b9aa973e5c04624,2001-06-29,"East Rutherford, New Jersey, USA"
UFC 31: Locked and Loaded,http://ufcstats.com/event-details/20bd6c3e03c46ee6,2001-05-04,"Atlantic City, New Jersey, USA"
UFC 30: Battle on the Boardwalk,http://ufcstats.com/event-details/2b1587a3376ab743,2001-02-23,"Atlantic City, New Jersey, USA"
UFC 29: Defense of the Belts,http://ufcstats.com/event-details/08ae5cd9aef7ddd3,2000-12-16,"Tokyo, Japan"
UFC 28: High Stakes,http://ufcstats.com/event-details/da6dfd09cca1d705,2000-11-17,"Atlantic City, New Jersey, USA"
UFC 27: Ultimate Bad Boyz,http://ufcstats.com/event-details/31652c9267606d54,2000-09-22,"New Orleans, Louisiana, USA"
UFC 26: Ultimate Field Of Dreams,http://ufcstats.com/event-details/cedfdf8d423d500c,2000-06-09,"Cedar Rapids, Iowa, USA"
UFC 25: Ultimate Japan 3,http://ufcstats.com/event-details/d2b1c1317a39f6c6,2000-04-14,"Tokyo, Japan"
UFC 24: First Defense,http://ufcstats.com/event-details/20ec0061400178ca,2000-03-10,"Lake Charles, Louisiana, USA"
UFC 23: Ultimate Japan 2,http://ufcstats.com/event-details/a8fa0c4e95512806,1999-11-19,"Chiba, Japan"
UFC 22: Only One Can be Champion,http://ufcstats.com/event-details/afaad7d6a581e307,1999-09-24,"Lake Charles, Louisiana, USA"
UFC 21: Return of the Champions,http://ufcstats.com/event-details/1a1a4d7a29041d77,1999-07-16,"Cedar Rapids, Iowa, USA"
UFC 20: Battle for the Gold,http://ufcstats.com/event-details/a7b48e18ca27795d,1999-05-07,"Birmingham, Alabama, USA"
UFC 19: Ultimate Young Guns,http://ufcstats.com/event-details/a220be6d41d6f97d,1999-03-05,"Bay St. Louis, Mississippi, USA"
UFC 18: The Road to the Heavyweight Title,http://ufcstats.com/event-details/c9bbf1a0285a8076,1999-01-08,"New Orleans, Louisiana, USA"
UFC - Ultimate Brazil,http://ufcstats.com/event-details/32a3025d5db456ae,1998-10-16,"Sao Paulo, Brazil"
UFC 17: Redemption,http://ufcstats.com/event-details/4a01dc8376736ef5,1998-05-15,"Mobile, Alabama, USA"
UFC 16: Battle in the Bayou,http://ufcstats.com/event-details/749685d24e2cac50,1998-03-13,"New Orleans, Louisiana, USA"
UFC - Ultimate Japan,http://ufcstats.com/event-details/29f935654825331b,1997-12-21,"Yokohama, Kanagawa, Japan"
UFC 15: Collision Course,http://ufcstats.com/event-details/07a18ae55dfc3cd9,1997-10-17,"Bay St. Louis, Mississippi, USA"
UFC 14: Showdown,http://ufcstats.com/event-details/dc950d59dc590aca,1997-07-27,"Birmingham, Alabama, USA"
UFC 13: The Ultimate Force,http://ufcstats.com/event-details/5bd533d50c8e7b8a,1997-05-30,"Augusta, Georgia, USA"
UFC 12: Judgement Day,http://ufcstats.com/event-details/96eff1a628adcc7f,1997-02-07,"Dothan, Alabama, USA"
UFC - Ultimate Ultimate '96,http://ufcstats.com/event-details/9b5b5a75523728f3,1996-12-07,"Birmingham, Alabama, USA"
UFC 11: The Proving Ground,http://ufcstats.com/event-details/6ceff86fae4f6b3b,1996-09-20,"Augusta, Georgia, USA"
UFC 10: The Tournament,http://ufcstats.com/event-details/aee8eecfc4bfb1e7,1996-07-12,"Birmingham, Alabama, USA"
UFC 9: Motor City Madness,http://ufcstats.com/event-details/a390eb8a9b2df298,1996-05-17,"Detroit, Michigan, USA"
UFC 8: David vs Goliath,http://ufcstats.com/event-details/b63e800c18e011b5,1996-02-16,"San Juan, Puerto Rico"
UFC - Ultimate Ultimate '95,http://ufcstats.com/event-details/31bbd46d57dfbcb7,1995-12-16,"Denver, Colorado, USA"
UFC 7: The Brawl in Buffalo,http://ufcstats.com/event-details/5af480a3b2e1726b,1995-09-08,"Buffalo, New York, USA"
UFC 6: Clash of the Titans,http://ufcstats.com/event-details/1c3f5e85b59ec710,1995-07-14,"Casper, Wyoming, USA"
UFC 5: The Return of the Beast,http://ufcstats.com/event-details/dedc3bb440d09554,1995-04-07,"Charlotte, North Carolina, USA"
UFC 4: Revenge of the Warriors,http://ufcstats.com/event-details/b60391da771deefe,1994-12-16,"Tulsa, Oklahoma, USA"
UFC 3: The American Dream,http://ufcstats.com/event-details/1a49e0670dfaca31,1994-09-09,"Charlotte, North Carolina, USA"
UFC 2: No Way Out,http://ufcstats.com/event-details/a6a9ab5a824e8f66,1994-03-11,"Denver, Colorado, USA"
